manyID,Title,Signature,Force,url,End,Checked_HUGGO,No_source,MetaData_confirmed,treatyID
GATT_1947O,GATT471947,1947-10-30,1948-01-01,"""https://www.wto.org/english/docs_e/legal_e/gatt47_e.pdf""",NA,1,NA,1,GATT_1947O
ZAF-ZWE[RCU]_1948O,South Africa Southern Rhodesia Customs Union,1948-12-06,1949-04-01,"""https://www.wto.org/gatt_docs/English/SULPDF/90320154.pdf""",NA,1,NA,2,ZAF-ZWE[RCU]_1948O
BTN-IND[NA]_1949O:BTN-IND[NA]_1949O,Bhutan India,1949-08-08,NA,"""https://mea.gov.in/bilateral-documents.htm?dtl/5242/treaty+or+perpetual+p""",NA,1,NA,2,BTN-IND[NA]_1949O:BTN-IND[NA]_1949O
ERPCSC_1951O,European Coal And Steel Community,1951-04-18,1952-07-23,"""https://eur-lex.europa.eu/LexUriServ/LexUriServ.do?uri=CELEX:11951K:EN:PDF""",2002-07-23,1,NA,1,ERPCSC_1951O
ARTTTT_1953A,Arab Trade Convention Treaty On Transit Trade,1953-09-07,,"""https://www.wto.org/gatt_docs/English/SULPDF/90760427.pdf""",NA,1,NA,2,ARTTTT_1953A
CAN-PRT[NA]_1954O,Canada Portugal,1954-05-28,1954-07-01,"""https://www.treaty-accord.gc.ca/text-texte.aspx?id=100572""",NA,1,NA,2,CAN-PRT[NA]_1954O
CAN-ESP[NA]_1954O,Canada Spain,1954-05-26,1954-07-01,"""https://www.treaty-accord.gc.ca/text-texte.aspx?id=100588""",NA,1,NA,2,CAN-ESP[NA]_1954O
BNLXEU_1958O,Benelux Economic Union,1958-02-03,1960-01-01,"""https://www.beneluxparl.eu/wp-content/uploads/documents/09_Verdragen/1958-Trait%C3%A9-instituant-lUnion-%C3%A9conomique-Benelux.pdf""",NA,1,NA,2,BNLXEU_1958O
IND-JPN[NA]_1958O,India Japan,1958-02-04,NA,"""https://wits.worldbank.org/GPTAD/PDF/archive/india-japan.pdf""",NA,1,NA,2,IND-JPN[NA]_1958O
CNAFTA_1958O,Central American Free Trade Area,1958-06-10,1959-06-02,"""https://treaties.un.org/doc/Publication/UNTS/Volume%20770/volume-770-I-10996-English.pdf""",NA,1,NA,2,CNAFTA_1958O
EQTRCU_1959O,Equatorial Customs Union,1959-06-23,1962-07-01,"""https://www.wto.org/gatt_docs/English/SULPDF/90760372.pdf""",NA,1,NA,2,EQTRCU_1959O
AUS-CAN[NA]_1960O,Australia Canada,1960-02-12,1960-06-30,"""http://www.austlii.edu.au/au/other/dfat/treaties/ATS/1960/5.html""",NA,1,NA,2,AUS-CAN[NA]_1960O
EFTA_1960O,EFTA,1960-01-04,1960-05-03,"""https://www.efta.int/sites/default/files/documents/Vaduz_Convention_Agreement_Updated_1_November_2021.pdf""",NA,1,NA,1,EFTA_1960O
LTAFTA_1960O,Latin American Free Trade Area (LAFTA),1960-02-18,1962-01-02,"""https://docs.wto.org/gattdocs/q/GG/L1799/1157.PDF""",1980-08-12,1,NA,1,LTAFTA_1960O
CNTACM_1960O,Central American Common Market (CACM),1960-12-13,1961-06-04,"""http://www.sice.oas.org/Trade/sica/PDF/TratadoGralIntegracion60.pdf""",NA,1,NA,2,CNTACM_1960O
BFA-GHA[UVT]_1961A,Ghana Upper Volta Trade Agreement,1961-06-28,NA,"""https://www.wto.org/gatt_docs/English/SULPDF/90750288.pdf""",NA,1,NA,2,BFA-GHA[UVT]_1961A
GRC-EC[ECA]_1961A,EEC Greece Association Agreement,1961-07-09,1962-11-01,"""https://eur-lex.europa.eu/legal-content/EN/TXT/PDF/?uri=CELEX:31963D0106&from=HR""",1981-01-01,1,NA,1,GRC-EC[ECA]_1961A
ARBCMM_1962O,Arab Common Market,1962-06-06,1964-04-30,"""https://www.wto.org/gatt_docs/English/SULPDF/90780034.pdf""",NA,1,NA,2,ARBCMM_1962O
AFRCCM_1962O,African Common Market,1962-04-01,1963-07-01,"""https://www.wto.org/gatt_docs/English/SULPDF/90760013.pdf""",NA,1,NA,2,AFRCCM_1962O
ECTRKA_1963A,EC Turkey Association Agreement (Ankara Agreement),1963-09-12,1964-12-01,"""https://eur-lex.europa.eu/resource.html?uri=cellar:f8e2f9f4-75c8-4f62-ae3f-b86ca5842eee.0008.02/DOC_2&format=PDF""",NA,1,NA,2,ECTRKA_1963A
FRA-MCO[NA]_1963O,France Monaco,1963-05-18,1963-09-01,"""https://www.legimonaco.mc/305/legismclois.nsf/db3b0488a44ebcf9c12574c7002a8e84/04140c3c6347e5fac1257c5a002f1867!OpenDocument&Highlight=0,3.038""",NA,1,NA,2,FRA-MCO[NA]_1963O
YAONDI_1963O,Yaounde I1963,1963-07-20,1964-06-01,"""https://edit.wti.org/app.php/document/show/dc5b9a61-b0fc-48dd-9761-434d055aa6b9""",1971-01-01,1,NA,1,YAONDI_1963O
AUS-NZL[FRT]_1965A,Australia New Zealand Free Trade Agreement,1965-08-31,1966-01-01,"""http://www.nzlii.org/nz/legis/hist_act/nzaftaa19651965n46388.pdf""",1983-01-01,1,NA,1,AUS-NZL[FRT]_1965A
GBR-IRL[FTA]_1965O,Ireland United Kingdom Free Trade Area,1965-12-15,1966-07-01,"""https://raw.github.com/mappingtreaties/tota/master/xml/pta_274.xml""",NA,NA,1,2,GBR-IRL[FTA]_1965O
CRBFTA_1965O:CRBFTA_1965O,Caribbean Free Trade Association (CARIFTA),1965-12-15,1968-05-01,"""https://raw.github.com/mappingtreaties/tota/master/xml/pta_187.xml""",1973-01-01,NA,1,2,CRBFTA_1965O
KENNDY_1967P,Kennedy Protocols1967,1967-06-30,1968-07-01,"""https://www.wto.org/english/docs_e/legal_e/kennedy_e.pdf""",NA,1,NA,2,KENNDY_1967P
TRPRTT_1967A,Tripartite Agreement,1967-12-23,1968-04-01,"""https://www.wto.org/gatt_docs/English/SULPDF/90800292.pdf""",NA,1,NA,2,TRPRTT_1967A
ESTCCM_1968O,East Caribbean Common Market,1968-06-01,1968-07-01,"""http://agc.gov.ms/wp-content/uploads/2013/04/East-Caribbean-Common-Market-Ratification-of-Agreement-Act.pdf""",NA,NA,1,2,ESTCCM_1968O
CRBFTA_1968O:CRBFTA_1965O,Caribbean Free Trade Association (CARIFTA)1968,1965-12-15,1968-05-01,"""http://www.sice.oas.org/Trade/CCME/dikson.asp""",1973-01-01,1,NA,1,CRBFTA_1968O:CRBFTA_1965O
ANDNGC_1969A,Andean Group Cartagena Agreement,1969-05-26,1969-10-16,"""https://www.jus.uio.no/english/services/library/treaties/09/9-01/andean_integration_consolidated.xml""",NA,1,NA,2,ANDNGC_1969A
ARUSHA_1969A2:ARUSHA_1968A1,Arusha Agreement 2,1969-09-24,1971-01-01,"""https://www.wto.org/gatt_docs/English/SULPDF/90830169.pdf""",1975-01-31,1,NA,1,ARUSHA_1969A2:ARUSHA_1968A1
STHACU_1969O:STHACU_1969O,Southern Africa Customs Union (SACU),1969-12-11,1970-03-01,"""https://www.sacu.int/docs/agreements/1969/1969-agreement.html""",NA,1,NA,2,STHACU_1969O:STHACU_1969O
YAONDI_1969O,Yaounde II1969,1969-07-29,1971-01-01,"""https://edit.wti.org/app.php/document/show/0a86f09a-33c8-40bb-b778-9c8cd56a1558""",NA,1,NA,2,YAONDI_1969O
EFTACI_1969O,EFTA Accession Of Iceland,1969-12-04,1970-03-01,"""https://wits.worldbank.org/GPTAD/PDF/archive/EFTA-Iceland.pdf""",NA,NA,NA,1,EFTACI_1969O
ECMALT_1970O,EC Malta,1970-12-05,1971-04-01,"""https://wits.worldbank.org/GPTAD/PDF/archive/EC-Malta(English).pdf""",NA,1,NA,2,ECMALT_1970O
PAN-SLV[NA]_1970O,El Salvador Panamann,1970-06-02,NA,"""https://wits.worldbank.org/GPTAD/PDF/archive/ElSalvador-Panama.pdf""",NA,NA,NA,2,PAN-SLV[NA]_1970O
ECMEVA_1970O:ECMEVA_1970O,EC Malta (English VersionVersion Anglaise),1970-12-05,1971-01-04,"""https://wits.worldbank.org/GPTAD/PDF/archive/EC-Malta(English).pdf""",NA,1,NA,2,ECMEVA_1970O:ECMEVA_1970O
ECOVCT_1970O,EU Overseas Countries And Territories (OCT),1970-09-29,1971-01-01,"""https://eur-lex.europa.eu/legal-content/EN/TXT/PDF/?uri=CELEX:31970D0549&from=en""",1975-07-31,1,NA,1,EOVRCT_1970O
ECTRKA_1970P,EC Turkey Additional Protocol,1970-11-23,1973-01-01,"""https://eur-lex.europa.eu/legal-content/EN/TXT/HTML/?uri=CELEX:21970A1123(01)&from=EN""",NA,1,NA,2,ECTRKA_1970P
BTN-IND[NA]_1972O:BTN-IND[NA]_1949O,Bhutan India,1972-01-17,1972-01-17,"""https://www.mea.gov.in/bilateral-documents.htm?dtl/5671/Agreement+on+Trade+and+Commerce""",NA,NA,NA,2,BTN-IND[NA]_1972O:BTN-IND[NA]_1949O
ECPRTG_1972O:ECPRTG_1972O,EC Portugal,1972-07-22,1973-01-01,"""https://eur-lex.europa.eu/legal-content/EN/TXT/HTML/?uri=CELEX:21972A0722(06)&from=EN""",1986-01-01,1,NA,1,ECPRTG_1972O:ECPRTG_1972O
ECASTR_1972A,EC Austria Agreement Of 1972,1972-07-22,1972-12-20,"""https://eur-lex.europa.eu/legal-content/EN/TXT/?uri=CELEX%3A21972A0722%2801%29&qid=1671099049164""",1994-12-31,NA,NA,2,ECASTR_1972A
ECENLC_1972O:ECENLR_1972O,EC Iceland,1972-07-22,1973-01-04,"""https://wits.worldbank.org/GPTAD/PDF/archive/EC-Iceland.pdf""",NA,1,NA,2,ECICLN_1972O
CYPRSE_1972O,EC Cyprus,1972-12-19,1973-01-06,"""https://wits.worldbank.org/GPTAD/PDF/archive/EC-Cyprus.pdf""",1972-12-19,1,NA,1,ECCYPR_1972O
CRBBNC_1973O,Caribbean Community (CARICOM),1973-07-04,1973-08-01,"""http://www.sice.oas.org/Trade/CCME/Chaguaramastreaty_e.pdf""",NA,1,NA,1,CRBBNC_1973O
CRI-PAN[NA]_1973O:CRI-PAN[NA]_1973O,Costa Rica Panama,1973-06-08,,"""https://edit.wti.org/document/show/a4b7ec16-b5d4-4c98-82be-8949f196980d?textBlockId=6df9d906-ad48-4d42-8e60-b4bfb7a27bfb&page=1""",NA,1,NA,2,CRI-PAN[NA]_1973O:CRI-PAN[NA]_1973O
MNRVRU_1973O,Mano River Union (MRU),1973-10-03,1973-10-03,"""https://wits.worldbank.org/GPTAD/PDF/archive/MRU.pdf""",NA,1,NA,1,MNRVRU_1973O
ECNRWY_1973O,EC Norway,1973-05-14,1973-07-01,"""https://wits.worldbank.org/GPTAD/PDF/archive/EC-Norway.pdf""",NA,1,NA,2,ECNRWY_1973O
HND-PAN[NA]_1973O:HND-PAN[NA]_1973O,Honduras Panama,1973-11-08,,"""https://wits.worldbank.org/GPTAD/PDF/archive/Panama-Honduras.pdf""",NA,1,NA,2,HND-PAN[NA]_1973O
BGR-FIN[NA]_1974O,Bulgaria Finland,1974-04-26,,"""https://docs.wto.org/gattdocs/q/GG/L4199/4137A1.PDF""",NA,1,NA,2,BGR-FIN[NA]_1974O
GTM-PAN[NA]_1974O,Guatemala Panama,1974-06-20,1975-04-25,"""http://www.sice.oas.org/Trade/preftrade/Panguas1.asp""",NA,1,NA,2,GTM-PAN[NA]_1974O
ECCWAS_1975O:ECCWAS_1975O,Economic Community Of West African States (ECOWAS),1975-05-28,1975-06-20,"""https://ecowas.int/wp-content/uploads/2022/06/THE-1975-TREATY-OF-ECOWAS.pdf""",NA,1,NA,2,ECCWAS_1975O:ECCWAS_1975O
LOME_1975O1:LOME_1975O1,Lome 1,1975-02-28,1976-04-01,"""http://www.acp.int/sites/acpsec.waw.be/files/Lome-Convention-I-en.pdf""",NA,1,NA,2,LOME_1975O1:LOME_1975O1
BANGKK_1975A,Bangkok Agreement (now Known As APTA),1975-07-31,1976-06-17,"""https://wits.worldbank.org/GPTAD/PDF/archive/Bangkok.pdf""",NA,1,NA,1,BANGKK_1975A
ECTUNS_1976O,EC Tunisia,1976-04-25,1978-11-01,"""https://eur-lex.europa.eu/legal-content/EN/TXT/PDF/?uri=OJ:L:1978:265:FULL&from=en""",NA,1,NA,2,ECTUNS_1976O
ECALGR_1976O,EC Algeria,1976-04-26,1978-11-01,"""https://eur-lex.europa.eu/legal-content/EN/TXT/PDF/?uri=OJ:L:1978:263:FULL&from=en""",2005-08-31,NA,NA,1,ECALGR_1976O
AUS-PNG[NA]_1976O:AUS-PNG[NA]_1976O,Australia Papua New Guinea (PATCRA),1976-11-06,1977-02-01,"""http://rtais.wto.org/rtadocs/139/TOA/English/PATCRAAgreement.pdf""",1991-09-20,1,NA,1,AUS-PNG[NA]_1976O
ECSYRI_1977O,EC Syria,1977-01-08,1977-07-01,"""https://wits.worldbank.org/GPTAD/PDF/archive/EC-Syria.pdf""",NA,1,NA,2,ECSYRI_1977O
LOME_1979O2:LOME_1975O1,Lome 2,1979-10-31,1981-01-01,"""https://edit.wti.org/app.php/document/show/pdf/8a201121-e8e8-4722-9657-9db3ef9f46ee""",NA,1,NA,2,LOME_1979O2:LOME_1975O1
SPRTEC_1980A,South Pacific Regional Trade And Economic Cooperation Agreement (SPARTECA),1980-07-14,1981-01-01,"""https://wits.worldbank.org/gptad/pdf/archive/sparteca.pdf""",NA,1,NA,2,SPRTEC_1980A
LTNAIA_1980O,Latin American Integration Association (LAIA),1980-08-12,1981-03-18,"""https://edit.wti.org/document/show/ea727b54-492e-4788-a0ce-42bda81de547""",NA,1,NA,2,LTNAIA_1980O
CAN-NZL[NA]_1981O,Canada New Zealand,1981-09-25,1982-01-01,"""https://www.treaties.mfat.govt.nz/search/details/t/1402""",NA,1,NA,1,CAN-NZL[NA]_1981O
GLFCPC_1981O:GLFCPC_1981O,Gulf Cooperation Council (GCC),1981-05-25,,"""https://www.gcc-sg.org/en-us/AboutGCC/Pages/Primarylaw.aspx""",NA,1,NA,2,GLFCPC_1981O:GLFCPC_1981O
INTRAT_1981A,Inter-Arab Trade Agreement,1981-02-27,,"""https://www.customs.gov.sa/themes/custom/customs/files/agreements/istanbul/en.pdf""",NA,1,NA,2,INTRAT_1981A
ORGECS_1981O,Organisation Of Eastern Caribbean States (OECS),1981-06-18,1981-07-02,"""http://caribbeanelections.com/eDocs/treaties/oecs_treaties/treaty_basseterre_1981.pdf""",2010-06-18,1,NA,1,ORGECS_1981O
AUS-NZL[NA]_1983O,Australia New Zealand (ANZCERTA),1983-03-28,1983-01-01,"""https://www.dfat.gov.au/sites/default/files/anzcerta1.pdf""",NA,1,NA,1,AUS-NZL[NA]_1983O
ECCCAS_1983O,Economic Community Of Central African States (ECCAS-CEEAC),1983-10-18,1985-01-01,"""https://investmentpolicy.unctad.org/international-investment-agreements/treaty-files/2401/download""",NA,1,NA,1,ECCCAS_1983O
COL-SLV[NA]_1984O,Colombia El Salvador,1984-03-02,,"""http://www.sice.oas.org/Trade/colcos/colcos.asp#CAPITULO_II_""",NA,1,NA,2,COL-SLV[NA]_1984O
COL-NIC[NA]_1984O,Colombia Nicaragua,1984-03-02,,"""http://www.sice.oas.org/Trade/colnic/ind.asp""",NA,1,NA,2,COL-NIC[NA]_1984O
LOME_1984O3:LOME_1975O1,Lome 3,1984-12-08,1986-05-01,"""https://edit.wti.org/app.php/document/show/pdf/8d06c317-68f1-4ce7-84f7-d07045e87330""",1990-03-28,1,NA,1,LOME_1984O3:LOME_1975O1
GTM-VEN[VNZ]_1985O,Guatemala Venezuela,1985-10-30,,"""http://www.sice.oas.org/Trade/vengua/vengua.asp#ACUERDO""",NA,1,NA,2,GTM-VEN[VNZ]_1985O
ISR-USA[NA]_1985O,US Israel,1985-04-22,1985-08-19,"""https://raw.github.com/mappingtreaties/tota/master/xml/pta_121.xml""",NA,1,NA,2,ISR-USA[NA]_1985O
DOM-PAN[NA]_1985O,Panama Dominican Republic,1985-07-17,1987-06-08,"""http://www.sice.oas.org/Trade/preftrade/PAN_DR/pandoms1.asp""",NA,1,NA,2,DOM-PAN[NA]_1985O
ARG-BRA[NA]_1986O:ARG-BRA[NA]_1986O,Argentina Brazil,1986-07-29,1987-01-01,"""https://www.jstor.org/stable/20693239#metadata_info_tab_contents""",NA,1,NA,2,ARG-BRA[NA]_1986O:ARG-BRA[NA]_1986O
BRA-URY[NA]_1986O:BRA-URY[NA]_1982O,Brazil Uruguay,1986-09-30,1986-10-01,"""http://www.sice.oas.org/Trade/BRA_UR/BRA_UR_text_s.asp""",NA,1,NA,2,BRA-URY[NA]_1986O:BRA-URY[NA]_1982O
CRI-VEN[VNZ]_1986O,Costa Rica Venezuela,1986-08-15,,"""http://www.sice.oas.org/Trade/vencr/vencr.asp""",NA,1,NA,2,CRI-VEN[VNZ]_1986O
ECSNEA_1986A,EC Single European Act,1986-02-17,1987-07-01,"""https://eur-lex.europa.eu/legal-content/EN/TXT/PDF/?uri=OJ:L:1987:169:FULL&from=EN""",NA,1,NA,2,ECSNEA_1986A
SLV-VEN[VNZ]_1986O,El Salvador Venezuela,1986-03-10,,"""http://www.sice.oas.org/Trade/vensal/vensal1.asp""",NA,1,NA,2,SLV-VEN[VNZ]_1986O
HND-VEN[VNZ]_1986O,Honduras Venezuela,1986-02-20,,"""http://www.sice.oas.org/Trade/venhon/venhon1.asp#ACUERDO""",NA,1,NA,2,HND-VEN[VNZ]_1986O
JOR-KWT[NA]_1986O:JOR-KWT[NA]_1986O,Jordan Kuwait,1986-10-19,,"""https://faolex.fao.org/docs/pdf/jor62839.pdf""",NA,1,NA,2,JOR-KWT[NA]_1986O:JOR-KWT[NA]_1986O
NIC-VEN[VNZ]_1986O,Nicaragua Venezuela,1986-08-15,,"""http://www.sice.oas.org/Trade/vennic/vennic1.asp#CAP%C3%8DTULO_I_""",NA,1,NA,2,NIC-VEN[VNZ]_1986O
GLBSTP_1988O,Global System Of Trade Preferences (GSTP),1988-04-12,NA,"""https://unctad.org/system/files/official-document/ditcmisc57_en.pdf""",NA,1,NA,1,GLBSTP_1988O
LOME_1989O4:LOME_1975O1,Lome 4,1989-12-15,1990-03-01,"""https://edit.wti.org/document/show/pdf/ba140599-d4ec-4153-a4f0-8a1ad402021b""",2000-08-01,1,NA,1,LOME_1989O4:LOME_1975O1
TTO-VEN[VNZ]_1989O,Trinidad And Tobago Venezuela,1989-08-04,,"""http://www.sice.oas.org/Trade/ventt/ventt1.asp#CAP%C3%8DTULO_I_""",NA,1,NA,2,TTO-VEN[VNZ]_1989O
ARBMGU_1989O,Arab Maghreb Union,1989-02-17,,"""https://wits.worldbank.org/GPTAD/PDF/archive/MAGHREB.pdf""",NA,1,NA,2,ARBMGU_1989O
ARG-BRA[NA]_1990O:ARG-BRA[NA]_1986O,Argentina Brazil,1990-12-20,1990-12-20,"""http://www.sice.oas.org/Trade/ARG_BRA/ARGBRA_text_s.asp#CAP1""",NA,1,NA,2,ARG-BRA[NA]_1990O:ARG-BRA[NA]_1986O
GUY-VEN[VNZ]_1990O,Guyana Venezuela,1990-10-27,1991-06-28,"""http://www.sice.oas.org/Trade/vengu/vengu.asp""",NA,1,NA,2,GUY-VEN[VNZ]_1990O
AFRCEC_1991O,African Economic Community,1991-06-03,1994-05-12,"""https://au.int/sites/default/files/treaties/37636-treaty-0016_-_treaty_establishing_the_african_economic_community_e.pdf""",NA,1,NA,2,AFRCEC_1991O
ARG-CHL[NA]_1991O:ARG-CHL[NA]_1991O,Argentina Chile,1991-08-02,1991-08-02,"""http://www.sice.oas.org/Trade/argchi/indice_s.asp""",NA,1,NA,2,ARG-CHL[NA]_1991O:ARG-CHL[NA]_1991O
AUS-PNG[NA]_1991O:AUS-PNG[NA]_1976O,Australia Papua New Guinea,1991-02-21,1991-09-20,"""http://www.austlii.edu.au/au/other/dfat/treaties/1991/37.html""",NA,1,NA,1,AUS-PNG[NA]_1991O:AUS-PNG[NA]_1976O
ECFRIS_1991O:ECFRIS_1991O,EC Faroe Islands,1991-12-02,,"""https://www.worldtradelaw.net/document.php?id=fta/agreements/ecfarisfta.pdf&mode=download""",1997-01-01,1,NA,1,ECFRIS_1991O:ECFRIS_1991O
MERCSR_1991O,MERCOSUR,1991-03-26,1991-12-06,"""https://wits.worldbank.org/GPTAD/PDF/archive/MERCOSUR.pdf""",NA,1,NA,2,MERCSR_1991O
IND-NPL[NA]_1991O:IND-NPL[NA]_1991O,India Nepaln,1991-12-06,1991-12-06,"""https://wits.worldbank.org/GPTAD/PDF/archive/India-Nepal.pdf""",NA,1,NA,2,IND-NPL[NA]_1991O
LAO-THA[LAS]_1991O,Lao Peoples Democratic Republic Thailand,1991-06-20,1991-06-20,"""https://www.wto.org/gatt_docs/English/SULPDF/91600059.pdf""",NA,1,NA,2,LAO-THA[LPD]_1991O
EFTTRK_1991O:EFTTRK_1991O,EFTA Turkey,1991-12-10,1992-04-01,"""https://wits.worldbank.org/GPTAD/PDF/archive/EFTA-Turkey.pdf""",2018-06-25,1,NA,2,EFTTRK_1991O
ECHNGR_1991O,EC Hungary,1991-12-16,1994-02-01,"""https://wits.worldbank.org/GPTAD/PDF/archive/EC-Hungary.pdf""",NA,1,NA,2,ECHNGR_1991O
ECPLND_1991O,EC Poland,1991-12-16,1994-02-01,"""https://wits.worldbank.org/GPTAD/PDF/archive/EC-Poland.pdf""",2004-05-01,1,NA,2,ECPLND_1991O
ECSNMR_1991O,EC San Marino,1991-12-16,2002-04-01,"""https://wits.worldbank.org/GPTAD/PDF/archive/EC-SanMarino.pdf""",NA,1,NA,2,ECSNMR_1991O
AZE-RUS[RSS]_1992O,Azerbaijan Russia,1992-09-30,1993-02-17,"""http://rtais.wto.org/rtadocs/830/TOA/English/RF-Azerbaijan%20FTA_text%20with%20protocols.doc""",NA,1,NA,2,AZE-RUS[RSS]_1992O
CRBBCV_1992O,Caribbean Community (CARICOM) Venezuela,1992-10-13,1993-01-01,"""http://www.sice.oas.org/trade/cariven1.asp""",NA,1,NA,2,CRBBCV_1992O
ECMSTR_1992O,EC Maastricht,1992-02-07,1993-11-01,"""https://eur-lex.europa.eu/legal-content/EN/TXT/PDF/?uri=CELEX:11992M/TXT&from=EN""",NA,NA,NA,1,ECMSTR_1992O
JOR-LBN[NA]_1992O:JOR-LBN[NA]_1992O,Jordan Lebanon,1992-10-01,,"""http://www2.ecolex.org/server2neu.php/libcat/docs/TRE/Full/Other/TRE-150042.pdf""",NA,1,NA,2,JOR-LBN[NA]_1992O:JOR-LBN[NA]_1992O
LVA-SWE[NA]_1992O,Latvia Sweden,1992-03-10,,"""https://www.un-ilibrary.org/content/books/9789210453561s002-c012/read""",NA,NA,1,2,LVA-SWE[NA]_1992O
CHE-LVA[NA]_1992O,Latvia Switzerland,1992-12-22,1994-03-01,"""NA""",2004-05-01,NA,1,2,CHE-LVA[NA]_1992O
NAM-ZWE[NA]_1992O,Namibia Zimbabwe,1992-08-17,1993-04-30,"""https://wits.worldbank.org/GPTAD/PDF/archive/Namibia-Zimbabwe.pdf""",NA,1,NA,2,NAM-ZWE[NA]_1992O
RUS-TKM[RSS]_1992O,Russia Turkmenistan,1992-11-11,1993-01-01,"""http://rtais.wto.org/rtadocs/862/TOA/English/Text%20of%20Agreement%20RF-Turkmenistan.docx""",NA,1,NA,2,RUS-TKM[RSS]_1992O
STHADC_1992O:STHADC_1992O,Southern African Development Community (SADC),1992-08-17,1993-09-30,"""https://www.jus.uio.no/english/services/library/treaties/09/9-01/sadc_treaty_consolidated.xml""",NA,1,NA,1,STHADC_1992O:STHADC_1992O
ERPNEA_1992O,European Economic Area (EEA),1993-03-17,1994-01-01,"""https://www.efta.int/media/documents/legal-texts/eea/the-eea-agreement/Main%20Text%20of%20the%20Agreement/EEAagreement.pdf""",NA,1,NA,1,ERPNEA_1992O
FRO-ISL[NA]_1992O:FRO-ISL[NA]_1992O,Faroe Islands Iceland,1992-08-06,1993-07-01,"""https://www.worldtradelaw.net/document.php?id=fta/agreements/farisicefta.pdf&mode=download""",NA,1,NA,2,FRO-ISL[NA]_1992O:FRO-ISL[NA]_1992O
KGZ-RUS[RSS]_1992O,Kyrgyzstan Russia,1992-10-08,1993-04-24,"""https://wits.worldbank.org/GPTAD/PDF/archive/Kyrgyzstan-RussianFed.pdf""",NA,1,NA,2,KGZ-RUS[RSS]_1992O
FRO-NOR[NA]_1992O,Faroe Islands Norway,1992-08-28,1992-09-01,"""https://www.worldtradelaw.net/document.php?id=fta/agreements/farisnorfta.pdf&mode=download""",NA,1,NA,2,FRO-NOR[NA]_1992O
EFTISR_1992O,EFTA Israel,1992-09-17,1993-01-01,"""https://www.efta.int/media/documents/legal-texts/free-trade-relations/israel/EFTA-Israel%20Free%20Trade%20Agreement.pdf""",2021-08-01,1,NA,1,EFTISR_1992O
ARM-RUS[RSF]_1992O,Armenia Russian Federation,1992-09-30,1993-03-25,"""https://www.worldtradelaw.net/document.php?id=fta/agreements/armrusfta.pdf&mode=download""",NA,1,NA,2,ARM-RUS[RSF]_1992O
RUS-TJK[RSF]_1992O,Russian Federation Tajikistan,1992-10-10,,"""http://rtais.wto.org/rtadocs/834/TOA/English/RF-Tajikistan FTA_text  with protocols.doc""",NA,1,NA,2,RUS-TJK[RSF]_1992O
EFTPLN_1992O,EFTA Poland,1992-12-10,1993-11-15,"""https://wits.worldbank.org/GPTAD/PDF/archive/EFTA-Poland.pdf""",NA,1,NA,2,EFTPLN_1992O
EFTRMN_1992O,EFTA Romania,1992-12-10,1993-05-01,"""https://wits.worldbank.org/GPTAD/PDF/archive/EFTA-Romania.pdf""",NA,1,NA,2,EFTRMN_1992O
KAZ-RUS[RSF]_1992O,Russian Federation Kazakhstan,1992-10-22,1993-06-07,"""http://rtais.wto.org/rtadocs/832/TOA/English/RF-Kazakhstan FTA _text with protocols.doc""",NA,1,NA,2,KAZ-RUS[RSF]_1992O
CZE-SVK[CSE]_1992O,Czech Republic Slovak Republic Customs Union,1992-11-23,1993-01-01,"""http://www.cawater-info.net/bk/water_law/pdf/czech-slovak_1992.pdf""",NA,1,NA,2,CZE-SVK[SCU]_1992O
BLR-RUS[RSF]_1992O:BLR-RUS[RSS]_1992O,Russian Federation Belarus,1992-11-13,,"""https://cis-legislation.com/document.fwx?rgn=18168""",NA,1,NA,2,BLR-RUS[RSF]_1992O
NRTAFT_1992A,North American Free Trade Agreement (NAFTA),1992-12-17,1994-01-01,"""https://www.italaw.com/sites/default/files/laws/ITA%20LAW%207029_0.pdf""",2020-07-01,1,NA,1,NRTAFT_1992A
BLR-UKR[UKR]_1992O,Ukraine Belarus,1992-12-17,1999-03-19,"""https://wits.worldbank.org/GPTAD/PDF/archive/belarus-ukraine.pdf""",NA,1,NA,2,BLR-UKR[UKR]_1992O
CNTEFT_1992A,Central European Free Trade Agreement (CEFTA),1992-12-21,1993-03-01,"""https://www.worldtradelaw.net/document.php?id=fta/agreements/cefta.pdf&mode=download""",NA,1,NA,2,CNTEFT_1992A
BLFTAI_1993O,Baltic Free Trade Area (BAFTA) Industrial,1993-09-13,1994-04-01,"""https://wits.worldbank.org/GPTAD/PDF/archive/BAFTA-Indus.pdf""",2004-05-01,1,NA,1,BLFTAI_1993O
EEUAKR_2014O,Bulgaria EC,1993-03-08,1994-02-01,"""https://edit.wti.org/document/show/0ebd5276-ed7e-4e16-ad9c-c18cf1435998?textblockid=d670ad45-b700-4494-a94b-a3a9dc9d6bb7&page=1""",2007-01-01,1,NA,1,BLGREC_1993O
BLGREC_1993O,Bulgaria EFTA,1993-03-29,1994-01-01,"""https://wits.worldbank.org/GPTAD/PDF/archive/EFTA-Bulgaria.pdf""",2007-01-01,1,NA,1,BLGREF_1993O
COL-PAN[NA]_1993O:COL-PAN[NA]_1993O,Colombia Panama,1993-07-09,1995-01-18,"""http://www.sice.oas.org/Trade/colpan/colpan_s1.asp#CAPITULO_I:""",NA,NA,NA,2,COL-PAN[NA]_1993O:COL-PAN[NA]_1993O
ECESTN_1993O,EC Estonia,1992-07-17,1993-03-02,"""https://eur-lex.europa.eu/legal-content/EN/TXT/HTML/?uri=CELEX:21993A0309(01)&qid=1645697082283&from=EN""",NA,NA,NA,2,ECESTN_1993O
SA05TA_1993A,South Asian Association For Regional Cooperation Preferential Trading Arrangement (SAPTA),1993-04-11,1995-12-07,"""https://commerce.gov.in/wp-content/uploads/2020/09/Agreement_SAARC_SAPTA.pdf""",NA,NA,NA,2,SA05TA_1993A
ECROMN_1993O,EC Romania,1993-02-01,,"""https://wits.worldbank.org/GPTAD/PDF/archive/EC-Romania.pdf""",2007-01-01,NA,NA,2,ECROMN_1993O
CHL-VEN[VNZ]_1993O,Chile Venezuela,1993-04-02,1993-07-01,"""https://edit.wti.org/document/show/c0981d04-7d7d-4a2e-891b-24dab65bea49""",NA,NA,NA,1,CHL-VEN[VNZ]_1993O
BLGREF_1993O,EFTA Bulgaria,1993-03-29,1994-01-01,"""https://wits.worldbank.org/GPTAD/PDF/archive/EFTA-Bulgaria.pdf""",2007-01-01,NA,NA,1,EFTBLG_1993O
EFTHNG_1993O,EFTA Hungary,1993-03-29,1993-10-01,"""https://wits.worldbank.org/GPTAD/PDF/archive/EFTA-Hungary.pdf""",2004-05-01,NA,NA,1,EFTHNG_1993O
STAPTA_1993A,South Asian Preferential Trade Arrangement (SAPTA),1993-04-11,1995-12-07,"""https://www.lawnet.gov.lk/agreement-on-sapta-saarc-preferential-trading-arrangement/""",NA,NA,NA,2,STAPTA_1993A
ECSLVK_1993O,EC Slovenia,1993-04-05,1993-09-01,"""https://eur-lex.europa.eu/legal-content/EN/TXT/?uri=CELEX%3A21993A0729%2801%29""",NA,1,NA,2,ECSLVN_1993O
BOL-CHL[BLV]_1993O,Bolivia Chile,1993-04-06,1993-04-06,"""http://www.sice.oas.org/Trade/chibol/acuerdo_s.asp#Cap%C3%ADtulo_XVIII""",NA,1,NA,2,BOL-CHL[BLV]_1993O
CHL-COL[NA]_1993O:CHL-COL[NA]_1993O,Chile Colombia,1993-12-06,1994-01-01,"""https://wits.worldbank.org/GPTAD/PDF/archive/Chile-Colombia.pdf""",NA,NA,NA,2,CHL-COL[NA]_1993O
RUS-UKR[RFU]_1993O,Ukraine Russian Federation,1993-06-24,1994-02-21,"""http://rtais.wto.org/rtadocs/580/TOA/English/FTA%20Ukraine%20-%20Russian%20Federation_ToA.doc""",NA,NA,NA,2,RUS-UKR[URF]_1993O
MLNSSG_1993O,Melanesian Spearhead Group (MSG),1993-07-22,1993-09-01,"""https://wits.worldbank.org/GPTAD/PDF/archive/MSG.pdf""",NA,NA,NA,1,MLNSSG_1993O
ECCWAS_1993O:ECCWAS_1975O,Economic Community Of West African States (ECOWAS),1993-07-24,1995-08-23,"""https://www.wipo.int/edocs/lexdocs/treaties/en/ecowas/trt_ecowas.pdf""",NA,NA,NA,1,ECCWAS_1993O
CMMESA_1993O,Common Market For Eastern And Southern Africa (COMESA),1993-11-05,1994-12-06,"""https://www.comesa.int/wp-content/uploads/2019/02/comesa-treaty-revised-20092012_with-zaire_final.pdf""",NA,NA,NA,1,CMMESA_1993O
ARM-MDA[MLD]_1993O,Armenia Moldova,1993-12-24,1995-12-21,"""https://www.wipo.int/wipolex/en/treaties/details/463""",NA,1,NA,2,ARM-MDA[MLD]_1993O
ARM-KGZ[NA]_1994O,Armenia Kyrgyzstan,1994-07-04,1995-09-27,"""https://wits.worldbank.org/GPTAD/PDF/archive/Armenia-Kyrgyz%20Rep.pdf""",NA,NA,NA,1,ARM-KGZ[NA]_1994O
ASSCCS_1994O,Association Of Caribbean States,1994-07-24,1995-08-04,"""http://www.acs-aec.org/index.php?q=about/convention-establishing-the-association-of-caribbean-states""",NA,NA,NA,1,ASSCCS_1994O
BOL-MEX[BLV]_1994O,Bolivia Mexico,1994-09-10,1995-01-01,"""http://www.sice.oas.org/Trade/mexbo_s/text_s.asp""",2010-06-07,NA,NA,1,BOL-MEX[BLV]_1994O
CRBBCC_1994O,Caribbean Community (CARICOM) Colombia,1994-07-24,1995-01-01,"""http://www.sice.oas.org/trade/caricome.asp""",NA,NA,NA,2,CRBBCC_1994O
CHL-ECU[NA]_1994O:CHL-ECU[NA]_1994O,Chile Ecuador,1994-12-20,,"""http://www.sice.oas.org/Trade/chilec/chec-m.asp""",NA,NA,NA,2,CHL-ECU[NA]_1994O:CHL-ECU[NA]_1994O
CZE-ROU[NA]_1994O,Czech Republic Romania,1994-10-24,1995-01-01,"""https://www.global-regulation.com/translation/romania/3070576/law-no.-141-of-30-december-1994.html""",NA,NA,NA,2,CZE-ROU[NA]_1994O
GROUP_1994O3,Group Of 3,1994-06-13,1995-01-01,"""http://www.sice.oas.org/Trade/go3/G3INDICE.ASP""",NA,NA,NA,2,GROUP_1994O3
HUN-SVN[NA]_1994O,Hungary Slovenia,1994-04-06,,"""https://docs.wto.org/dol2fe/Pages/SS/directdoc.aspx?filename=Q:/WT/REG/19-1.pdf&Open=True""",NA,NA,NA,2,HUN-SVN[NA]_1994O
ISRLPL_1994O,Israel PLO,1994-04-29,1994-04-29,"""https://unctad.org/system/files/information-document/ParisProtocol_en.pdf""",NA,NA,NA,2,ISRLPL_1994O
WSAEMU_1994O,West African Economic And Monetary Union (WAEMU),1994-01-10,1994-08-01,"""https://edit.wti.org/document/show/pdf/57ce5bd9-ef38-4a1d-abd5-ed07f1f155bf""",NA,NA,NA,1,WSAEMU_1994O
CHE-FRO[NA]_1994O,Faroe Islands Switzerland,1994-01-12,1995-03-01,"""https://www.fedlex.admin.ch/eli/cc/1995/3925_3925_3925/fr""",NA,NA,NA,2,CHE-FRO[NA]_1994O
GEO-RUS[RSF]_1994O,Georgia Russian Federation,1994-02-03,,"""http://rtais.wto.org/rtadocs/85/AnnexAndRelatedDocs/English/RF_Georgia FTA _text with protocols.doc""",NA,NA,NA,2,GEO-RUS[RSF]_1994O
MDA-ROU[MLD]_1994O,Romania Moldova,1994-02-15,1995-01-01,"""https://wits.worldbank.org/GPTAD/PDF/archive/Moldova-Romania.pdf""",NA,NA,NA,2,MDA-ROU[MLD]_1994O
ECMCCA_1994O,Economic And Monetary Community Of Central Africa (CEMAC),1994-03-16,1999-06-24,"""https://www.wipo.int/wipolex/en/treaties/details/296""",NA,NA,NA,2,ECMCCA_1994O
CRI-MEX[NA]_1994O:CRI-MEX[NA]_1982O,Costa Rica Mexico,1994-10-24,1995-01-01,"""https://www.global-regulation.com/translation/romania/3070576/law-no.-141-of-30-december-1994.html""",NA,NA,NA,2,CRI-MEX[NA]_1994O
CMMNIS_1994O:CMMNIS_1994O,Commonwealth Of Independent States (CIS),1994-04-15,1994-12-30,"""https://wits.worldbank.org/GPTAD/PDF/archive/CIS.pdf""",NA,NA,NA,2,CMMNIS_1994O
ARM-KGZ[KYR]_1994O,Kyrgyz Republic Armenia,1994-07-04,1995-10-27,"""https://wits.worldbank.org/GPTAD/PDF/archive/Armenia-Kyrgyz%20Rep.pdf""",NA,NA,NA,2,ARM-KGZ[KYR]_1994O
ECESTN_1994O,EC Estonia,1994-07-18,,"""https://wits.worldbank.org/GPTAD/PDF/archive/EC-Estonia.pdf""",1998-01-31,NA,NA,2,ECESTN_1994O
KAZ-UKR[UKR]_1994O,Ukraine Kazakhstan,1994-09-17,1998-10-19,"""http://rtais.wto.org/rtadocs/572/TOA/English/FTA%20Ukraine%20-%20Kazakhstan_ToA.doc""",NA,NA,NA,2,KAZ-UKR[UKR]_1994O
JOR-MAR[NA]_1994O:JOR-MAR[NA]_1994O,Jordan Morocco,1994-10-03,1994-10-03,"""https://wits.worldbank.org/GPTAD/PDF/archive/Jordan-Morocco.pdf""",NA,NA,NA,2,JOR-MAR[NA]_1994O
ARM-UKR[UKR]_1994O,Armenia Ukraine,1994-10-07,,"""https://www.wto.org/english/thewto_e/acc_e/ukr_e/wtaccukr52_leg_1.pdf""",NA,NA,NA,2,ARM-UKR[UKR]_1994O
TKM-UKR[UKR]_1994O,UkraineTurkmenistan,1994-11-05,1995-11-04,"""http://rtais.wto.org/rtadocs/577/TOA/English/FTA%20Ukraine%20-%20Turkmenistan_ToA.doc""",NA,NA,NA,2,TKM-UKR[UKR]_1994O
UKR-UZB[UKR]_1994O,Ukraine Uzbekistan,1994-12-29,1996-01-01,"""https://www.wto.org/english/thewto_e/acc_e/ukr_e/wtaccukr52_leg_23.pdf""",NA,NA,NA,2,UKR-UZB[UKR]_1994O
ASEANS_1995O:ASEANS_1995O,Association Of South East Asian Nations Services,1995-12-15,,"""https://asean.org/bangkok-summit-declaration-of-1995-bangkok14-15-december-1995/""",NA,NA,NA,2,ASEANS_1995O:ASEANS_1995O
BGR-CZE[NA]_1995O,Bulgaria Czech Republic,1995-12-15,1996-06-07,"""https://docs.wto.org/dol2fe/Pages/SS/directdoc.aspx?filename=Q:/WT/REG/41N1.pdf&Open=True""",NA,NA,NA,2,BGR-CZE[NA]_1995O
ECESTE_1995A,EC Estonia Europe Agreement,1995-06-12,1998-02-01,"""https://edit.wti.org/app.php/document/show/c44c2c4c-1a48-409b-b106-f0bd9cf6b443?textBlockId=0bd57714-7878-4522-9424-d293b4ec1126&page=6""",2004-05-01,NA,NA,1,ECESTE_1995A
ECIEMA_1995A,EC Israel Euro-Med Association Agreement,1995-11-20,2000-06-01,"""https://eur-lex.europa.eu/legal-content/EN/TXT/PDF/?uri=OJ:L:2000:147:FULL&from=en""",NA,NA,NA,2,ECIEMA_1995A
ECLTVE_1995A,EC Latvia Europe Agreement,1995-06-12,1998-02-01,"""https://edit.wti.org/document/show/fd516f7c-b0dc-4a74-9e7e-1f07bbf8582d""",2004-05-01,NA,NA,1,ECLTVE_1995A
ECLTHE_1995A,EC Lithuania Europe Agreement,1995-06-12,1998-02-01,"""https://edit.wti.org/app.php/document/show/241dc731-6182-417d-a7e8-92393f3ab433""",2004-05-01,NA,NA,1,ECLTHE_1995A
ECTEMA_1995A,EC Tunisia Euro-Med Association Agreement,1995-07-19,1998-03-01,"""https://eur-lex.europa.eu/legal-content/EN/TXT/?uri=celex%3A21998A0330%2801%29""",NA,NA,NA,1,ECTEMA_1995A
ECTRKY_1995O,EC Turkey,1995-12-22,1995-12-31,"""https://eur-lex.europa.eu/legal-content/EN/TXT/HTML/?uri=CELEX:21996D0213(01)&qid=1498928083545&from=EN""",NA,NA,NA,1,ECTRKY_1995O
GEO-UKR[UKR]_1995O,Georgia Ukraine,1995-01-09,1996-06-04,"""https://wits.worldbank.org/GPTAD/PDF/archive/Georgia-Ukraine.pdf""",NA,NA,NA,1,GEO-UKR[UKR]_1995O
EST-UKR[UKR]_1995O,Estonia Ukraine,1995-05-24,,"""https://wits.worldbank.org/GPTAD/PDF/archive/Estonia-Ukraine.pdf""",NA,NA,NA,2,EST-UKR[UKR]_1995O
KGZ-MDA[MLD]_1995O,Kyrgyzstan Moldova,1995-05-26,1996-11-21,"""https://wits.worldbank.org/GPTAD/PDF/archive/Kyrgyzstan-Moldova.pdf""",NA,NA,NA,1,KGZ-MDA[MLD]_1995O
KGZ-UKR[UKR]_1995O,Kyrgyzstan Ukraine,1995-05-26,1998-01-19,"""https://wits.worldbank.org/GPTAD/PDF/archive/Kyrgyzstan-Ukraine.pdf""",NA,NA,NA,1,KGZ-UKR[UKR]_1995O
ARM-IRN[IRN]_1995O,Armenia-Iran,1995-05-06,1997-01-18,"""https://wits.worldbank.org/GPTAD/PDF/archive/armenia-iran.pdf""",NA,NA,NA,2,ARM-IRN[IRN]_1995O
EFTLTV_1995O,EFTA Slovenia,1995-06-13,1998-09-01,"""https://wits.worldbank.org/GPTAD/PDF/archive/EFTA-Slovenia.pdf""",NA,NA,NA,2,EFTSLV_1995O
KAZ-KGZ[NA]_1995O,Kazakhstan Kyrgyzstan,1995-06-22,1995-11-11,"""https://wits.worldbank.org/GPTAD/PDF/archive/Kazakhstan-Kyrgyzstan.pdf""",NA,NA,NA,2,KAZ-KGZ[NA]_1995O
EFTEST_1995O,EFTA Estonia,1995-12-07,1997-10-01,"""https://wits.worldbank.org/GPTAD/PDF/archive/EFTA-Estonia.pdf""",NA,NA,NA,2,EFTEST_1995O
AZE-UKR[UKR]_1995O,Ukraine Azerbaijan,1995-07-28,1996-09-02,"""http://rtais.wto.org/rtadocs/570/TOA/English/FTA%20Ukraine%20-%20Azerbaijan_ToA.doc""",NA,NA,NA,2,AZE-UKR[UKR]_1995O
ARM-GEO[NA]_1995O,Georgia Armenia,1995-08-14,1998-11-11,"""https://wipolex-res.wipo.int/edocs/lexdocs/treaties/en/am-ge/trt_am_ge.pdf""",NA,NA,NA,2,ARM-GEO[NA]_1995O
ARM-TKM[NA]_1995O,Armenia Turkmenistan,1995-10-03,1996-07-07,"""https://wipolex-res.wipo.int/edocs/lexdocs/treaties/en/am-tm/trt_am_tm.pdf""",NA,NA,NA,2,ARM-TKM[NA]_1995O
ISR-JOR[NA]_1995O:ISR-JOR[NA]_1995O,Israel Jordan,1995-10-25,,"""https://wits.worldbank.org/GPTAD/PDF/archive/Isreal-Jordon.pdf""",NA,NA,NA,2,ISR-JOR[NA]_1995O
EFTLTV_1995O,EFTA Latvia,1995-12-07,1996-06-01,"""https://wits.worldbank.org/GPTAD/PDF/archive/EFTA-Latvia.pdf""",NA,1,NA,2,EFTLTV_1995O
EFTLTH_1995O,EFTA Lithuania,1995-12-07,1997-01-01,"""https://lovdata.no/dokument/TRAKTATEN/traktat/1995-12-07-6/KAPITTEL_5-3#KAPITTEL_5-3""",NA,NA,NA,2,EFTLTH_1995O
ANDNCT_1996P,Andean Community Trujillo Protocol,1996-03-10,1997-12-30,"""https://www.wipo.int/wipolex/en/treaties/details/404""",NA,NA,NA,2,ANDNCT_1996P
BLVMRC_1996O:BLVMRC_1995O,Bolivia MERCOSUR,1996-12-17,1997-02-28,"""http://www.sice.oas.org/tpd/bol_mer/BOL_MER_e.ASP#:~:text=The%20Free%20Trade%20Agreement%20between,superseded%20and%20replaced%20ACE%2034""",NA,NA,NA,1,BLVMRC_1996O:BLVMRC_1995O
CHLMRC_1996O,Chile MERCOSUR,1996-06-25,1996-10-01,"""http://www.sice.oas.org/Trade/msch/mschind.asp""",NA,NA,NA,2,CHLMRC_1996O
ECMEMA_1996A,EC Morocco Euro-Med Association Agreement,1996-02-26,2000-03-01,"""https://eur-lex.europa.eu/legal-content/EN/TXT/HTML/?uri=CELEX:22000A0318(01)&from=EN""",NA,NA,NA,1,ECMEMA_1996A
EST-SVK[NA]_1996O,Estonia Slovakia,1996-05-28,1996-07-01,"""https://wits.worldbank.org/GPTAD/PDF/archive/Estonia-Slovakia.pdf""",NA,NA,NA,2,EST-SVK[NA]_1996O
ISR-SVK[NA]_1996O,Israel Slovakia,1996-05-20,1997-12-01,"""https://wits.worldbank.org/GPTAD/PDF/archive/Israel-Slovakia.pdf""",NA,NA,NA,2,ISR-SVK[NA]_1996O
LVA-SVK[NA]_1996O,Latvia Slovakia,1996-04-19,1996-07-01,"""https://wits.worldbank.org/GPTAD/PDF/archive/Latvia-Slovakia.pdf""",NA,NA,NA,2,LVA-SVK[NA]_1996O
MKD-SVN[MCD]_1996O,Macedonia Slovenia,1996-07-01,,"""https://wits.worldbank.org/GPTAD/PDF/archive/Slovenia-Macedonia.pdf""",NA,NA,NA,2,MKD-SVN[MCD]_1996O
AZE-GEO[NA]_1996O,Georgia Azerbaijan,1996-03-08,1996-07-10,"""https://www.wto.org/english/thewto_e/acc_e/geo_e/wtaccgeo4a1_leg_24.pdf""",NA,NA,NA,2,AZE-GEO[NA]_1996O
ISR-TUR[NA]_1996O:ISR-TUR[NA]_1996O,Turkey Israel,1996-03-14,1997-05-01,"""https://trade.gov.tr/data/5b9111bc13b8770becf1e745/426f0d88a6abd3d657519ad455099e95.pdf""",NA,NA,NA,2,ISR-TUR[NA]_1996O
GEO-TKM[NA]_1996O,Georgia Turkmenistan,1996-03-20,2000-01-01,"""https://docs.wto.org/dol2fe/Pages/SS/directdoc.aspx?filename=Q:/WT/REG/122-1.pdf&Open=True""",NA,NA,NA,2,GEO-TKM[NA]_1996O
CZE-LVA[NA]_1996O,Czech Republic Latvia,1996-04-15,1997-09-01,"""https://docs.wto.org/dol2fe/Pages/SS/directdoc.aspx?filename=Q:/WT/REG/45-1.pdf&Open=True""",NA,NA,NA,2,CZE-LVA[NA]_1996O
CZE-EST[NA]_1996O,Czech Republic Estonia,1996-04-19,1998-02-12,"""https://wits.worldbank.org/GPTAD/PDF/archive/CzechRepublic-Estonia.pdf""",NA,NA,NA,2,CZE-EST[NA]_1996O
LVA-SVK[SLV]_1996O,Slovak Republic Latvia,1996-04-19,1997-07-01,"""https://docs.wto.org/dol2fe/Pages/SS/directdoc.aspx?filename=Q:/WT/REG/47-1.pdf&Open=True""",NA,NA,NA,2,LVA-SVK[SLV]_1996O
LVA-SVN[NA]_1996O,Slovenia Latvia,1996-04-22,1996-08-01,"""https://wits.worldbank.org/GPTAD/PDF/archive/Latvia-Slovenia.pdf""",NA,NA,NA,2,LVA-SVN[NA]_1996O
CZE-ISR[NA]_1996O,Czech Republic Israel,1996-05-20,1997-01-01,"""https://wits.worldbank.org/GPTAD/PDF/archive/CzechRepublic-Israel.pdf""",NA,NA,NA,2,CZE-ISR[NA]_1996O
LTU-POL[NA]_1996O,Poland Lithuania,1996-06-27,1997-01-01,"""https://wits.worldbank.org/GPTAD/PDF/archive/Lithuania-Poland.pdf""",NA,NA,NA,2,LTU-POL[NA]_1996O
EST-SVK[SLV]_1996O,Slovak Republic Estonia,1996-05-18,1998-03-13,"""https://wits.worldbank.org/GPTAD/PDF/archive/Estonia-Slovakia.pdf""",NA,NA,NA,2,EST-SVK[SLV]_1996O
ECSLVE_1996A,EC Slovenia Europe Agreement,1996-06-10,1999-02-01,"""https://edit.wti.org/document/show/c8565e17-8ecc-40d8-8215-858a88e477a7""",2004-05-01,NA,NA,1,ECSLVE_1996A
ECFRIS_1996O:ECFRIS_1991O,EC Faroe Islands,1996-06-12,1997-01-01,"""https://wits.worldbank.org/GPTAD/PDF/archive/EC-FaroeIslands.pdf""",NA,NA,NA,1,ECFRIS_1996O
CAN-ISR[NA]_1996O,Canada Israel,1996-07-31,1997-01-01,"""https://wits.worldbank.org/GPTAD/PDF/archive/Canada-Israel.pdf""",NA,NA,NA,1,CAN-ISR[NA]_1996O
STHADC_1996O:STHADC_1992O,Southern African Development Community (SADC),1996-08-24,2000-01-25,"""https://www.wipo.int/edocs/lexdocs/treaties/en/sadc-pr/trt_sadc_pr.pdf""",NA,NA,NA,1,STHADC_1996O
BGR-SVN[NA]_1996O,Bulgaria Slovenia,1996-11-11,1997-01-01,"""https://raw.github.com/mappingtreaties/tota/master/xml/pta_184.xml""",NA,NA,1,2,BGR-SVN[NA]_1996O
EST-SVN[NA]_1996O,Slovenia Estonia,1996-11-26,1997-01-01,"""https://docs.wto.org/dol2fe/Pages/SS/directdoc.aspx?filename=Q:/WT/REG/37-1.pdf&Open=True""",NA,NA,NA,2,EST-SVN[NA]_1996O
LTU-SVK[SLV]_1996O,Slovak Republic Lithuania,1996-11-27,1997-07-01,"""https://docs.wto.org/dol2fe/Pages/SS/directdoc.aspx?filename=Q:/WT/REG/48-1.pdf&Open=True""",NA,NA,NA,2,LTU-SVK[SLV]_1996O
LTU-SVK[NA]_1996O,Lithuania Slovakian,1996-11-27,1997-07-01,"""https://wits.worldbank.org/GPTAD/PDF/archive/Lithuania-Slovakia.pdf""",NA,NA,NA,2,LTU-SVK[NA]_1996O
CAN-CHL[NA]_1996O,Canada Chile,1996-12-05,1997-07-05,"""https://investmentpolicy.unctad.org/international-investment-agreements/treaty-files/2456/download""",2019-02-05,NA,NA,1,CAN-CHL[NA]_1996O
KGZ-UZB[NA]_1996O,Kyrgyzstan Uzbekistann,1996-12-24,1998-03-20,"""https://wits.worldbank.org/GPTAD/PDF/archive/Kyrgyzstan-Uzbekistan.pdf""",NA,NA,NA,2,KGZ-UZB[NA]_1996O
JOR-ALG[NA]_1997O,Algeria Jordan,1997-05-19,1999-01-31,"""https://findrulesoforigin.org/documents/pdf/itc00059_full.pdf""",NA,NA,NA,2,JOR-ALG[NA]_1997O
ANDNCS_1997P,Andean Community Sucre Protocol,1997-06-26,2003-04-14,"""http://www.sice.oas.org/trade/junac/Carta_Ag/sucre_e.asp""",NA,NA,NA,2,ANDNCS_1997P
BF04TB_1997O,Baltic Free Trade Area (BAFTA) Non Tariff Barriers,1997-11-20,1998-01-07,"""https://wits.worldbank.org/GPTAD/PDF/archive/BAFTA-NonTariff.pdf""",2004-05-01,NA,NA,2,BF04TB_1997O
CRBBCS_1997P,Caribbean Community (CARICOM) Protocol On Services,1997-07-01,,"""http://www.sice.oas.org/trade/ccme/PROTOCOL2.asp""",NA,NA,NA,2,CRBBCS_1997P
HRV-MKD[MCD]_1997O:HRV-MKD[MCD]_1997O,Croatia Macedonia,1997-05-09,,"""https://wits.worldbank.org/GPTAD/PDF/archive/Croatia-FYROM.pdf""",NA,NA,NA,2,HRV-MKD[MCD]_1997O:HRV-MKD[MCD]_1997O
ECAMST_1997O,EC Amsterdam,1997-10-02,1999-05-01,"""https://www.europarl.europa.eu/topics/treaty/pdf/amst-en.pdf""",NA,NA,NA,1,ECAMST_1997O
ECJEMA_1997A,EC Jordan Euro-Med Association Agreement,1997-11-24,2002-05-01,"""https://eur-lex.europa.eu/legal-content/EN/TXT/HTML/?uri=CELEX:22002A0515(02)&from=EN""",NA,NA,NA,1,ECJEMA_1997A
ISR-POL[NA]_1997O,Israel Poland,1997-07-21,1999-05-01,"""https://wits.worldbank.org/GPTAD/PDF/archive/Israel-Poland.pdf""",NA,NA,NA,2,ISR-POL[NA]_1997O
MRCSRS_1997O:MRCSRS_1997O,MERCOSUR Services,1997-12-15,2005-12-07,"""https://investmentpolicy.unctad.org/international-investment-agreements/treaty-files/2463/download""",NA,NA,NA,1,MRCSRS_1997O:MRCSRS_1997O
SVK-TUR[NA]_1997O,Slovakia Turkey,1997-11-20,1998-09-01,"""https://wits.worldbank.org/GPTAD/PDF/archive/Slovakia-Turkey.pdf""",NA,NA,NA,2,SVK-TUR[NA]_1997O
GIN-MAR[NA]_1997O,Guinea Morocco,1997-04-12,2000-09-06,"""https://findrulesoforigin.org/documents/pdf/itc00553_full.pdf""",NA,NA,NA,2,GIN-MAR[NA]_1997O
HUN-TUR[NA]_1997O,Hungary Turkey,1997-01-08,,"""https://wits.worldbank.org/GPTAD/PDF/archive/Hungary-Turkey.pdf""",NA,NA,NA,2,HUN-TUR[NA]_1997O
EST-FRO[NA]_1997O,Estonia Faroe Islands,1997-11-27,1998-12-01,"""https://wits.worldbank.org/GPTAD/PDF/archive/Estonia-FaroeIslands.pdf""",NA,NA,NA,2,EST-FRO[NA]_1997O
PAFTA_1997O,Pan-Arab Free Trade Area (PAFTA),1997-02-19,1998-01-01,"""https://www.investinegypt.gov.eg/English/pages/AgreementDetails.aspx?id=9""",NA,NA,1,2,PNAFTA_1997O
LVA-POL[NA]_1997O,Poland Latvia,1997-04-28,1999-06-01,"""https://wits.worldbank.org/GPTAD/PDF/archive/Latvia-Poland.pdf""",NA,NA,NA,2,LVA-POL[NA]_1997O
ROU-TUR[NA]_1997O,Romania Turkey,1997-04-29,1998-02-01,"""https://wits.worldbank.org/GPTAD/PDF/archive/Romania-Turkey.pdf""",NA,NA,NA,2,ROU-TUR[NA]_1997O
ECFYRM_1997O,EC FYROM,1997-04-29,,"""https://wits.worldbank.org/GPTAD/PDF/archive/EC-Macedonia.pdf""",NA,NA,NA,2,ECFYRM_1997O
LTU-TUR[NA]_1997O,Turkey Lithuania,1997-06-02,1998-03-01,"""https://wits.worldbank.org/GPTAD/PDF/archive/Lithuania-Turkey.pdf""",NA,NA,NA,2,LTU-TUR[NA]_1997O
EST-TUR[NA]_1997O,Turkey Estonia,1997-06-03,1998-06-01,"""https://investmentpolicy.unctad.org/international-investment-agreements/treaty-files/2464/download""",NA,NA,NA,1,EST-TUR[NA]_1997O
EFTMRC_1997O,EFTA Morocco,1997-06-19,1999-12-01,"""https://www.efta.int/media/documents/legal-texts/free-trade-relations/morocco/EFTA-Morocco%20Free%20Trade%20Agreement%20EN.pdf""",NA,NA,NA,1,EFTMRC_1997O
CZE-TUR[NA]_1997O,Czech Republic Turkey,1997-10-03,,"""https://wits.worldbank.org/GPTAD/PDF/archive/CzechRepublic-Turkey.pdf""",NA,NA,NA,2,CZE-TUR[NA]_1997O
HUN-ISR[NA]_1997O,Hungary Israel,1997-10-14,,"""https://wits.worldbank.org/GPTAD/PDF/archive/Hungary-Israel.pdf""",NA,NA,NA,2,HUN-ISR[NA]_1997O
GEO-KAZ[NA]_1997O,Georgia Kazakhstan,1997-11-11,1999-07-16,"""https://wits.worldbank.org/GPTAD/PDF/archive/Georgia-Kazakstan.pdf""",NA,NA,NA,2,GEO-KAZ[NA]_1997O
HRV-SVN[NA]_1997O,Slovenia Croatia,1997-12-12,2001-10-01,""" https://wits.worldbank.org/GPTAD/PDF/archive/Croatia-Slovenia.pdf""",NA,NA,NA,2,HRV-SVN[NA]_1997O
MEX-NIC[NA]_1997O:MEX-NIC[NA]_1985O,Mexico Nicaragua,1997-12-18,1998-07-01,"""http://www.sice.oas.org/trade/menifta/meni01.asp""",NA,NA,NA,2,MEX-NIC[NA]_1997O
CRBCDR_1998O,Caribbean Community (CARICOM) Dominican Republic,1998-08-22,2001-12-01,"""http://www.sice.oas.org/trade/ccdr/English/Ccdr_in.asp""",NA,NA,NA,2,CRBCDR_1998O
EGY-JOR[NA]_1998O:EGY-JOR[NA]_1967O,Egypt Jordan,1998-12-10,,"""https://wits.worldbank.org/GPTAD/PDF/archive/Jordan-Egypt.pdf""",NA,NA,NA,2,EGY-JOR[NA]_1998O:EGY-JOR[NA]_1967O
LVA-UKR[UKA]_1998O,Latvia Ukraine Agriculture,1998-02-26,,"""https://likumi.lv/ta/lv/starptautiskie-ligumi/id/866""",2004-05-01,NA,NA,2,LVA-UKR[UKA]_1998O
FRO-POL[NA]_1998O,Faroe Islands Poland,1998-11-03,,"""https://wits.worldbank.org/GPTAD/PDF/archive/FaroeIslands-Poland.pdf""",NA,NA,NA,2,FRO-POL[NA]_1998O
CNTADR_1998O,Dominican Republic Central America,1998-04-16,,"""http://www.sice.oas.org/Trade/camdrep/CARdo_2s.asp""",NA,NA,NA,2,DMNRCA_1998O
CHL-MEX[NA]_1998O:CHL-MEX[NA]_1991O,Chile Mexico,1998-04-17,1999-08-01,"""https://investmentpolicy.unctad.org/international-investment-agreements/treaty-files/2480/download""",NA,NA,NA,1,CHL-MEX[NA]_1998O
JOR-TUN[NA]_1998O,Jordan Tunisia,1998-04-22,1999-06-16,"""https://wits.worldbank.org/GPTAD/PDF/archive/Jordan-Tunisia.pdf""",NA,NA,NA,1,JOR-TUN[NA]_1998O
SVN-TUR[NA]_1998O,Turkey Slovenia,1998-05-05,2000-06-01,"""https://wits.worldbank.org/GPTAD/PDF/archive/Slovenia-Turkey.pdf""",2004-04-30,NA,NA,1,SVN-TUR[NA]_1998O
ISR-SVN[NA]_1998O,Slovenia Israel,1998-05-13,1998-09-01,"""https://wits.worldbank.org/GPTAD/PDF/archive/Israel-Slovenia.pdf""",NA,NA,NA,2,ISR-SVN[NA]_1998O
LVA-TUR[NA]_1998O,Turkey Latvia,1998-06-16,2000-07-01,"""https://m.likumi.lv/doc.php?id=23020""",2004-04-30,NA,NA,1,LVA-TUR[NA]_1998O
CHL-PER[NA]_1998O:CHL-PER[NA]_1998O,Chile Peru,1998-06-22,1998-07-01,"""http://www.sice.oas.org/Trade/chilper/Chpeind.asp""",2009-03-01,NA,NA,1,CHL-PER[NA]_1998O
BGR-TUR[NA]_1998O,Bulgaria Turkey,1998-07-11,,"""https://wits.worldbank.org/GPTAD/PDF/archive/Bulgaria-Turkey.pdf""",2007-01-01,NA,NA,2,BGR-TUR[NA]_1998O
EST-HUN[NA]_1998O,Hungary Estonia,1998-11-04,2001-03-01,"""https://wits.worldbank.org/GPTAD/PDF/archive/Estonia-Hungary.pdf""",NA,1,NA,2,EST-HUN[NA]_1998O
HUN-LTU[NA]_1998O,Hungary Lithuania,1998-11-13,2000-03-01,"""https://wits.worldbank.org/GPTAD/PDF/archive/Hungary-Lithuania.pdf""",2004-05-01,NA,NA,2,HUN-LTU[NA]_1998O
IND-LKA[NA]_1998O,India Sri Lanka,1998-12-28,2000-03-01,"""https://hcicolombo.gov.in/pdf/hb-india-sl.pdf""",NA,NA,NA,2,IND-LKA[NA]_1998O
CNTRAC_1999O,Central America Chile,1999-10-18,2002-02-15,"""https://investmentpolicy.unctad.org/international-investment-agreements/treaty-files/2490/download""",NA,NA,NA,2,CNTRAC_1999O
ERSNEC_1999O:ERSNEC_1996O5,Eurasian Economic Community (EAEC),2000-11-10,2001-05-30,"""https://wits.worldbank.org/GPTAD/PDF/archive/EAEC.pdf""",2015-01-01,NA,NA,1,ERSNEC_1999O:ERSNEC_1996O5
MKD-TUR[MCD]_1999O,Macedonia Turkey,1999-09-07,2000-09-01,"""https://edit.wti.org/app.php/document/show/b1e4df50-7107-4fb5-961b-f6847b6c3e49""",NA,NA,NA,2,MKD-TUR[MCD]_1999O
ANDNCA_1999A,Andean Community Auto Agreement,1999-09-16,2000-01-01,"""https://www.wipo.int/wipolex/en/text/223989""",NA,NA,NA,2,ANDNCA_1999A
ECSWTB_1999O1,EC Switzerland Bilaterals 1,1999-06-21,2002-06-01,"""NA""",NA,NA,1,2,ECSWTB_1999O1
HUN-LVA[NA]_1999O,Hungary Latvia,1999-06-10,,"""https://m.likumi.lv/ta/id/224344-free-trade-agreement-the-republic-of-latvia-and-the-republic-of-hungary""",NA,NA,NA,2,HUN-LVA[NA]_1999O
ARM-KAZ[NA]_1999O,Armenia Kazakhstan,1999-09-02,2001-12-25,"""https://wits.worldbank.org/GPTAD/PDF/archive/armenia-kazakhstan.pdf""",NA,NA,NA,2,ARM-KAZ[NA]_1999O
POL-TUR[NA]_1999O,Turkey Poland,1999-10-04,2000-05-01,"""https://wits.worldbank.org/GPTAD/PDF/archive/Poland-Turkey.pdf""",NA,NA,NA,2,POL-TUR[NA]_1999O
BGR-MKD[MCD]_1999O,Bulgaria Macedonia,1999-10-13,2000-01-01,"""https://wits.worldbank.org/GPTAD/PDF/archive/Bulgaria-Macedonia.pdf""",NA,1,NA,2,BGR-MKD[MCD]_1999O
ECSTHA_1999O,EC South Africa,1999-10-11,2004-05-01,"""https://wits.worldbank.org/GPTAD/PDF/archive/EC-South Africa.pdf""",NA,NA,NA,1,ECSTHA_1999O
ESTAFC_1999O:ESTAFC_1966O,East African Community (EAC),1999-11-30,2000-07-07,"""https://edit.wti.org/app.php/document/show/6152dafa-e2dd-423c-abc2-94cb4669c45a""",NA,NA,NA,2,ESTAFC_1999O
ANDNCA_2000O,Andean Countries Argentina,2000-05-29,2000-08-01,"""NA""",NA,NA,1,2,ANDNCA_2000O
CRBBCC_2000O,Caribbean Community (CARICOM) Cuba,2000-07-05,2001-01-01,"""https://investmentpolicy.unctad.org/international-investment-agreements/treaty-files/2498/download""",NA,NA,NA,1,CRBBCC_2000O
COTONO_2000A,Cotonou Agreement,2000-06-23,2003-04-01,"""https://eur-lex.europa.eu/legal-content/EN/TXT/HTML/?uri=CELEX:22000A1215(01)&from=EN""",NA,NA,NA,1,COTONO_2000A
EFTMCD_2000O,EFTA Macedonia,2000-06-19,2002-05-01,"""https://www.efta.int/media/documents/legal-texts/free-trade-relations/macedonia/EFTA-Macedonia%20Free%20Trade%20Agreement.pdf""",NA,NA,NA,2,EFTMCD_2000O
MNE-RUS[RSS]_2000O,Russia Serbia And Montenegro,2000-08-28,,"""http://rtais.wto.org/rtadocs/858/TOA/English/Russia-Yugoslavia%20FTA_text%20with%20protocols_Republic%20of%20Serbia.doc""",NA,1,NA,2,MNE-RUS[RSS]_2000O
ECMEXC_2000O:ECMEXC_2000O,EC Mexico,2000-03-23,2000-07-01,"""https://wits.worldbank.org/GPTAD/PDF/archive/EC-Mexico.pdf""",NA,NA,NA,1,ECMEXC_2000O
ISR-MEX[NA]_2000O,Israel Mexico,2000-04-10,2000-07-01,""" http://www.sice.oas.org/Trade/meis_e/Text/MEX_ISR_FullText_e.pdf""",NA,NA,NA,2,ISR-MEX[NA]_2000O
ARE-JOR[NA]_2000O,Jordan United Arab Emirates (UAE),2000-05-21,,"""https://wits.worldbank.org/GPTAD/PDF/archive/Jordon-UAE.pdf""",NA,NA,NA,2,ARE-JOR[NA]_2000O
MXCNRT_2000O,Mexico Northern Triangle,2000-06-29,2001-03-15,"""http://www.sice.oas.org/Trade/mextnorte/Mex_TNorte_s.asp#pre%C3%A1mbulo""",NA,NA,NA,2,MXCNRT_2000O
USA-VNM[NA]_2000O,United States Viet Nam,2000-07-13,2001-12-10,"""https://wits.worldbank.org/GPTAD/PDF/archive/US-Vietnam.pdf""",NA,NA,NA,1,USA-VNM[NA]_2000O
JOR-USA[NA]_2000O,US Jordan,2000-10-24,2001-12-17,"""https://ustr.gov/sites/default/files/Jordan%20FTA.pdf""",NA,NA,NA,2,JOR-USA[NA]_2000O
NZL-SGP[NA]_2000O:NZL-SGP[NA]_2000O,New Zealand Singapore,2000-11-14,2001-01-01,"""https://www.mfat.govt.nz/assets/Trade-agreements/Singapore-NZ-CEP/NZ-Singapore-CEP-full-text.pdf""",NA,NA,NA,2,NZL-SGP[NA]_2000O
EFTMXC_2000O,EFTA Mexico,2000-11-27,2001-07-01,"""https://www.efta.int/media/documents/legal-texts/free-trade-relations/mexico/EFTA-Mexico%20Free%20Trade%20Agreement.pdf""",NA,NA,NA,2,EFTMXC_2000O
BIH-HRV[NA]_2000O,Croatia Bosnia And Herzegovina,2000-12-19,2005-02-01,"""https://wits.worldbank.org/GPTAD/PDF/archive/Croatia-Bosnia%20and%20Herzogovina.pdf""",NA,NA,NA,2,BIH-HRV[NA]_2000O
BRA-GUY[NA]_2001O,Brazil Guyana,2001-06-27,2004-05-31,"""http://www.sice.oas.org/Trade/BRA_GUY/BRA_GUY_Index_s.asp""",NA,NA,NA,2,BRA-GUY[NA]_2001O
CRBBNC_2001O,Caribbean Community (CARICOM) Revised,2001-07-05,2002-02-04,"""https://edit.wti.org/app.php/document/show/7fdf653d-12f1-4bb6-865e-4931bc6b2960""",NA,NA,NA,2,CRBBNC_2001O
CROTEC_2001O,Croatia EC,2001-10-29,2005-02-01,"""https://eur-lex.europa.eu/legal-content/EN/TXT/HTML/?uri=CELEX:22005A0128(01)&from=EN""",NA,NA,NA,1,CROTEC_2001O
CRTEFT_2001O,Croatia EFTA,2001-06-21,2002-04-01,"""https://www.efta.int/media/documents/legal-texts/free-trade-relations/croatia/EFTA-Croatia%20Free%20Trade%20Agreement.pdf""",2013-07-01,NA,NA,1,CRTEFT_2001O
ECEEMA_2001A,EC Egypt Euro-Med Association Agreement,2001-06-25,2004-06-01,"""https://investmentpolicy.unctad.org/international-investment-agreements/treaty-files/2514/download""",NA,NA,NA,1,ECEEMA_2001A
ECMCDS_2001O,EC Macedonia SAA,2001-04-09,2004-04-01,"""https://eur-lex.europa.eu/legal-content/EN/TXT/HTML/?uri=CELEX:22004A0320(03)&from=EN""",NA,NA,NA,2,ECMCDS_2001O
ECNICE_2001O,EC Nice,2001-02-26,2003-02-01,"""https://eur-lex.europa.eu/legal-content/EN/TXT/HTML/?uri=CELEX:12001C/TXT&from=EN""",NA,NA,NA,1,ECNICE_2001O
GLFCPC_2001O:GLFCPC_1981O,Gulf Cooperation Council (GCC),2001-12-31,2003-01-01,"""https://edit.wti.org/app.php/document/show/d444ad42-56fc-4a5f-b886-34023158dad1""",NA,NA,NA,2,GLFCPC_2001O:GLFCPC_1981O
ARE-MAR[UAE]_2001O,Morocco UAE,2001-06-25,2003-07-09,"""NA""",NA,NA,1,2,ARE-MAR[UAE]_2001O
BHR-JOR[NA]_2001O,Bahrain Jordan,2001-07-21,,"""https://wits.worldbank.org/GPTAD/PDF/archive/Bahrain-Jordan.pdf""",NA,NA,NA,2,BHR-JOR[NA]_2001O
MKD-UKR[FYU]_2001O,Ukraine Former Yugoslav Republic Of Macedonia,2001-01-18,2001-07-05,"""http://rtais.wto.org/rtadocs/573/TOA/English/Ukraine-FYROM-Agreement.doc""",NA,NA,NA,2,MKD-UKR[UYM]_2001O
ISR-ROU[NA]_2001O,Romania Israel,2001-01-30,2002-01-01,"""https://www.worldtradelaw.net/document.php?id=fta/agreements/romisrfta.pdf""",NA,NA,NA,2,ISR-ROU[NA]_2001O
CAN-CRI[NA]_2001O,Canada Costa Rica,2001-04-23,2002-11-01,"""https://wits.worldbank.org/GPTAD/PDF/archive/Canada-CostaRica.pdf""",NA,NA,NA,2,CAN-CRI[NA]_2001O
BGR-LTU[NA]_2001O,Bulgaria Lithuania,2001-05-08,2002-03-01,"""https://wits.worldbank.org/GPTAD/PDF/archive/Bulgaria-Lithuania.pdf""",2004-05-01,NA,NA,1,BGR-LTU[NA]_2001O
BGR-ISR[NA]_2001O,Bulgaria Israel,2001-06-08,2002-01-01,"""https://www.wipo.int/wipolex/en/text/242530""",NA,NA,NA,2,BGR-ISR[NA]_2001O
EFTJRD_2001O,EFTA Jordan,2001-06-21,2002-09-01,"""https://www.efta.int/media/documents/legal-texts/free-trade-relations/Jordan/EFTA-Jordan%20Free%20Trade%20Agreement.pdf""",NA,NA,NA,1,EFTJRD_2001O
TJK-UKR[UKR]_2001O,Ukraine Tajikistan,2001-06-06,2002-07-11,"""http://rtais.wto.org/rtadocs/576/TOA/English/FTA%20Ukraine%20-%20Tajikistan_ToA.doc""",NA,NA,NA,2,TJK-UKR[UKR]_2001O
JOR-SYR[SYR]_2001O:JOR-SYR[SYR]_1965O,Jordan Syria,2001-10-08,,"""https://wits.worldbank.org/GPTAD/PDF/archive/Jordan-Syria.pdf""",NA,NA,NA,2,JOR-SYR[SYR]_2001O
PCFICT_2001A,Pacific Island Countries Trade Agreement (PICTA),2001-08-18,2003-04-13,"""http://rtais.wto.org/rtadocs/582/TOA/English/PICTA-text.pdf""",NA,NA,NA,2,PCFICT_2001A
BIH-SVN[NA]_2001O,Slovenia Bosnia And Herzegovina,2001-10-03,,""" https://wits.worldbank.org/GPTAD/PDF/archive/BosniaHerzegovina-Slovenia.pdf""",NA,NA,NA,2,BIH-SVN[NA]_2001O
BGR-EST[NA]_2001O,Bulgaria Estonia,2001-12-11,2002-01-01,"""https://wits.worldbank.org/GPTAD/PDF/archive/Bulgaria-Estonia.pdf""",NA,NA,NA,2,BGR-EST[NA]_2001O
ALEEMA_2002A,Algeria EC Euro-Med Association Agreement,2002-04-22,2005-09-01,"""https://investmentpolicy.unctad.org/international-investment-agreements/treaty-files/2643/download""",NA,NA,NA,2,ALEEMA_2002A
BIH-MKD[MCD]_2002O:BIH-MKD[MCD]_1997O,Bosnia And Herzegovina Macedonia,2002-04-26,2002-07-15,"""https://wits.worldbank.org/GPTAD/PDF/archive/FYROM-Bosnia-Herzegovina.pdf""",NA,NA,NA,2,BIH-MKD[MCD]_2002O:BIH-MKD[MCD]_1997O
BRA-MEX[NA]_2002O:BRA-MEX[NA]_1983O,Brazil Mexico,2002-07-03,2003-05-02,"""http://www.sice.oas.org/Trade/MexBraACE53/SPA/acuerdo_s.asp""",NA,NA,NA,2,BRA-MEX[NA]_2002O:BRA-MEX[NA]_1983O
CNTRAP_2002O,Central America Panama,2002-03-06,2009-11-26,"""https://edit.wti.org/document/show/a5f3a60a-71c2-41e5-bac1-c49b34e45e75""",NA,NA,NA,2,CNTRAP_2002O
CHILEC_2002O,Chile EC,2002-11-18,2003-02-01,"""https://investmentpolicy.unctad.org/international-investment-agreements/treaty-files/2644/download""",NA,NA,NA,2,CHILEC_2002O
ECLEMA_2002A,EC Lebanon Euro-Med Association Agreement,2002-06-17,2006-04-01,"""https://eur-lex.europa.eu/legal-content/EN/TXT/HTML/?uri=CELEX:22006A0530(01)&from=EN""",NA,NA,NA,2,ECLEMA_2002A
GGODED_2002O,GUAMGUUAM Organization For Democracy And Economic Development,2002-07-20,2003-12-10,"""https://guam-organization.org/en/agreement-on-establishment-of-free-trade-area-between-the-guuam-participating-states/""",NA,NA,NA,2,GMODED_2002O
JOR-LBN[NA]_2002O:JOR-LBN[NA]_1992O,Jordan Lebanon,2002-10-31,,"""https://findrulesoforigin.org/documents/pdf/itc00586_full.pdf""",NA,NA,NA,2,JOR-LBN[NA]_2002O:JOR-LBN[NA]_1992O
MRCSMA_2002A,MERCOSUR Mexico Auto Agreement,2002-09-27,2003-01-01,"""http://www.sice.oas.org/Trade/MERCOSURMexACE55/MERMexAuto_s.asp#A.1""",NA,NA,NA,2,MRCSMA_2002A
ALB-MKD[MCD]_2002O,Albania Macedonia (FYROM),2002-03-29,2002-07-15,"""https://wits.worldbank.org/GPTAD/PDF/archive/Albania-FYROM.pdf""",2007-07-26,NA,NA,1,ALB-MKD[MCD]_2002O
JPN-SGP[NA]_2002O,Japan Singapore,2002-01-13,2002-11-30,"""https://www.mofa.go.jp/region/asia-paci/singapore/jsepa-1.pdf""",NA,NA,NA,2,JPN-SGP[NA]_2002O
HRV-TUR[NA]_2002O,Turkey Croatia,2002-03-13,2003-07-01,"""https://www.worldtradelaw.net/document.php?id=fta/agreements/turcrofta.pdf&mode=download""",NA,NA,NA,2,HRV-TUR[NA]_2002O
EFTSNG_2002O,EFTA Singapore,2002-06-26,2003-01-01,"""https://www.efta.int/media/documents/legal-texts/free-trade-relations/singapore/EFTA-Singapore%20Free%20Trade%20Agreement.pdf""",NA,NA,NA,1,EFTSNG_2002O
BIH-TUR[NA]_2002O:BIH-TUR[NA]_2002O,Turkey Bosnia And Herzegovina,2002-07-03,2003-07-01,"""https://www.wipo.int/edocs/lexdocs/treaties/en/ba-tr/trt_ba_tr.pdf""",NA,NA,NA,2,BIH-TUR[NA]_2002O
LKA-PAK[NA]_2002O,Pakistan Sri Lanka,2002-08-01,2005-06-12,"""https://www.commerce.gov.pk/wp-content/uploads/pdf/PSFTA_Text.pdf""",NA,NA,NA,2,LKA-PAK[NA]_2002O
ALB-HRV[NA]_2002O,Croatia Albania,2002-09-27,2003-06-01,"""https://www.wipo.int/wipolex/en/treaties/details/455""",NA,NA,NA,2,ALB-HRV[NA]_2002O
BGR-LVA[NA]_2002O,Bulgaria Latvia,2002-10-16,,"""https://m.likumi.lv/ta/id/69692-free-trade-agreement-between-the-republic-of-latvia-and-the-republic-of-bulgaria""",NA,NA,NA,2,BGR-LVA[NA]_2002O
STHACU_2002O:STHACU_1969O,Southern African Customs Union (SACU),2002-10-21,2004-07-15,"""https://wits.worldbank.org/GPTAD/PDF/archive/SACU.pdf""",NA,NA,NA,2,STHACU_2002O
HRV-LTU[NA]_2002O,Croatia Lithuania,2002-10-24,2003-05-01,"""https://wits.worldbank.org/GPTAD/PDF/archive/Croatia-Lithuania.pdf""",2004-05-01,NA,NA,1,HRV-LTU[NA]_2002O
BIH-MDA[MLD]_2002O,Moldova Bosnia And Herzegovina,2002-12-23,2004-10-01,"""https://wits.worldbank.org/GPTAD/PDF/archive/Moldova-BosniaHerzegovina.pdf""",2007-07-26,NA,NA,1,BIH-MDA[MLD]_2002O
BGR-SRB[SRB]_2003O,Bulgaria Serbia,2003-11-13,2004-06-01,"""""",NA,NA,1,2,BGR-SRB[SRB]_2003O
CHILFT_2003O,Chile EFTA,2003-06-26,2004-12-01,"""https://www.efta.int/media/documents/legal-texts/free-trade-relations/chile/EFTA-Chile%20Free%20Trade%20Agreement.pdf""",NA,NA,NA,1,CHLEFT_2003O
ECNCOT_2003A,Economic Cooperation Organization Trade Agreement (ECOTA),2003-07-17,2008-01-01,"""https://wits.worldbank.org/GPTAD/PDF/archive/ECO.pdf""",NA,NA,NA,2,ECNCOT_2003A
MKD-ROU[MCD]_2003O,Macedonia Romania,2003-02-07,,"""https://www.worldtradelaw.net/document.php?id=fta/agreements/romfyromfta.pdf&mode=download""",NA,NA,NA,2,MKD-ROU[MCD]_2003O
MDA-SRB[MLS]_2003O,Moldova Serbia,2003-11-13,2004-09-01,"""https://www.worldtradelaw.net/document.php?id=fta/agreements/molsermonfta.pdf&mode=download""",NA,NA,NA,2,MDA-SRB[MLS]_2003O
ROU-SRB[SRB]_2003O,Romania Serbia,2003-12-23,2004-07-01,"""""",NA,NA,1,2,ROU-SRB[SRB]_2003O
CHL-KOR[KOR]_2003O,Korea Republic Of Chile,2003-02-15,2004-04-01,"""http://www.sice.oas.org/Trade/Chi-SKorea_e/CHL_KOR_FullText_e/CHL_KOR_FullText_e.pdf""",NA,NA,NA,1,CHL-KOR[KOR]_2003O
AUS-SGP[NA]_2003O,Singapore Australia,2003-02-17,2003-07-28,"""https://wits.worldbank.org/GPTAD/PDF/archive/Singapore-Australia.pdf""",NA,NA,NA,1,AUS-SGP[NA]_2003O
AFG-IND[NA]_2003O:AFG-IND[NA]_2003O,India Afghanistan,2003-03-06,2003-05-13,"""https://wits.worldbank.org/GPTAD/PDF/archive/Afghanistan-India.pdf""",NA,NA,NA,2,AFG-IND[NA]_2003O
ALB-BGR[NA]_2003O,Albania Bulgaria,2003-03-26,,"""https://www.worldtradelaw.net/document.php?id=fta/agreements/albbulfta.pdf&mode=download""",NA,NA,NA,2,ALB-BGR[NA]_2003O
BIH-ROU[NA]_2003O,Romania Bosnia And Herzegovina,2003-10-24,2005-02-14,"""https://www.worldtradelaw.net/document.php?id=fta/agreements/rombosherfta.pdf""",NA,NA,NA,2,BIH-ROU[NA]_2003O
ALB-BIH[NA]_2003O,Albania Bosnia And Herzegovina,2003-04-15,2004-12-01,"""https://www.wipo.int/wipolex/en/text/238588""",,NA,NA,2,ALB-BIH[NA]_2003O
SGP-USA[NA]_2003O,US Singapore,2003-05-06,2004-01-01,"""https://ustr.gov/sites/default/files/uploads/agreements/fta/singapore/asset_upload_file708_4036.pdf""",NA,NA,NA,2,SGP-USA[NA]_2003O
ALB-ROU[NA]_2003O,Albania Romania,2003-06-01,,"""https://wits.worldbank.org/GPTAD/PDF/archive/albania-romania.pdf""",NA,NA,NA,2,ALB-ROU[NA]_2003O
CHL-USA[NA]_2003O,US Chile,2003-06-06,2004-01-01,"""https://wits.worldbank.org/GPTAD/PDF/archive/UnitedStates-Chile.pdf""",NA,NA,NA,1,CHL-USA[NA]_2003O
CHINA_2003O,China Hong Kong (CEPA),2003-09-29,2004-01-01,"""https://wits.worldbank.org/GPTAD/PDF/archive/China-HongKong.pdf""",NA,NA,NA,2,CHINA_2003O
ALB-KOS[NA]_2003O,Albania UNMICKosovo,2003-07-07,,"""https://www.worldtradelaw.net/document.php?id=fta/agreements/albunmikfta.pdf&mode=download""",NA,NA,NA,2,ALB-KOS[UNM]_2003O
PAN-TWN[TWN]_2003O,Panama Taiwan,2003-08-21,2004-01-01,"""https://wits.worldbank.org/GPTAD/PDF/archive/Panama-Taiwan.pdf""",NA,NA,NA,2,PAN-TWN[TWN]_2003O
CMMNEZ_2003O,Common Economic Zone (CEZ),2003-09-19,2004-05-20,"""https://investmentpolicy.unctad.org/international-investment-agreements/treaty-files/4731/download""",NA,NA,NA,2,CMMNEZ_2003O
BGR-BIH[NA]_2003O,Bulgaria Bosnia And Herzegovina,2003-10-16,2004-12-01,"""https://www.wipo.int/wipolex/en/text/245098""",NA,NA,NA,2,BGR-BIH[NA]_2003O
CHINMC_2003O,China Macao China,2003-10-17,2004-01-01,"""https://www.wipo.int/edocs/lexdocs/treaties/en/cn-mo/trt_cn_mo.pdf""",NA,NA,NA,2,CHNMCC_2003O
ALB-MDA[MLD]_2003O,Albania Moldova,2003-11-13,2004-11-01,"""https://wits.worldbank.org/GPTAD/PDF/archive/Albania-Moldova.pdf""",NA,NA,NA,2,ALB-MDA[MLD]_2003O
MDA-UKR[MLU]_2003O:MDA-UKR[MLU]_1995O,Moldova Ukraine,2003-11-13,2005-05-19,"""https://wits.worldbank.org/GPTAD/PDF/archive/moldova-ukraine.pdf""",NA,NA,NA,1,MDA-UKR[MLU]_2003O
MEX-URY[NA]_2003O:MEX-URY[NA]_1986O,Mexico Uruguay,2003-11-15,2004-07-15,"""https://investmentpolicy.unctad.org/international-investment-agreements/treaty-files/2668/download""",NA,NA,NA,1,MEX-URY[NA]_2003O
ANDNCM_2004O,Andean Countries MERCOSUR,2004-10-18,2005-01-05,"""http://www.sice.oas.org/Trade/mrcsrac/eca1_s.asp#T%C3%8DTULO_I_""",NA,NA,NA,2,ANDNCM_2004O
ASEANC_2004O,Association Of South East Asian Nations China,2004-11-24,2005-01-01,"""https://cil.nus.edu.sg/wp-content/uploads/2019/02/2004-ACFTA-Trade-in-Goods-Agreement-1-1.pdf""",NA,NA,NA,2,ASEANC_2004O
BHR-USA[NA]_2004O,Bahrain US,2004-09-14,2006-01-11,"""https://edit.wti.org/app.php/document/show/pdf/bc380b46-3811-495d-8939-28ca02fe9462""",NA,NA,NA,1,BHR-USA[NA]_2004O
CRBCCR_2004O,Caribbean Community (CARICOM) Costa Rica,2004-03-09,2005-11-15,"""http://www.sice.oas.org/Trade/crcrcom_e/crcrcomind_e.asp""",NA,NA,NA,2,CRBCCR_2004O
CAFTDR_2004A,Central American Free Trade Agreement (CAFTA) Dominican Republic,2004-08-05,2006-03-01,"""http://www.sice.oas.org/trade/cafta/caftadr_e/caftadrin_e.asp""",NA,NA,NA,2,CAFTDR_2004A
INDMRC_2004O,India MERCOSUR,2004-01-25,2009-06-01,"""http://www.sice.oas.org/trade/mrcsrindia/Index_e.asp""",NA,NA,NA,2,INDMRC_2004O
MRSACU_2004O:MRSACU_2004O,MERCOSUR Southern African Customs Union (SACU),2004-12-16,2008-04-01,"""http://www.sice.oas.org/Trade/MRSRSACU/PTA_e.doc""",NA,NA,NA,2,MRSACU_2004O:MRSACU_2004O
MEX-URY[NA]_2004O:MEX-URY[NA]_1986O,Mexico Uruguay,2003-11-15,2004-07-15,"""http://www.sice.oas.org/Trade/mexurufta_s/Text_s.asp#Art%C3%ADculo_20-09""",NA,NA,NA,2,MEX-URY[NA]_2004O:MEX-URY[NA]_1986O
STAFTA_2004O,South Asian Free Trade Area (SAFTA),2004-01-06,2006-01-01,"""https://commerce.gov.in/wp-content/uploads/2020/05/safta.pdf""",NA,NA,NA,2,STAFTA_2004O
HRV-MNE[SRB]_2004O,Croatia Serbia And Montenegro,2004-01-14,2004-07-01,"""https://wits.worldbank.org/GPTAD/PDF/archive/Croatia-Serbia-Montenegro.pdf""",NA,NA,NA,2,HRV-MNE[SRB]_2004O
MDA-MKD[FYM]_2004O,FYROM Moldova,2004-01-28,,"""https://wits.worldbank.org/GPTAD/PDF/archive/Moldova-FYROM.pdf""",NA,NA,NA,2,MDA-MKD[FYM]_2004O
AGADIR_2004A,Agadir Agreement,2004-02-25,2006-03-26,"""https://wits.worldbank.org/GPTAD/PDF/archive/agadir.pdf""",NA,NA,NA,2,AGADIR_2004A
HRV-MDA[MLD]_2004O,Moldova Croatia,2004-02-27,,"""https://www.worldtradelaw.net/document.php?id=fta/agreements/molcrofta.pdf&mode=download""",2007-08-22,NA,NA,2,HRV-MDA[MLD]_2004O
IRN-PAK[IRN]_2004O,Iran Pakistan,2004-03-04,2006-09-01,"""https://wits.worldbank.org/GPTAD/PDF/archive/Iran-Pakistan.pdf""",NA,NA,NA,2,IRN-PAK[IRN]_2004O
MAR-TUR[NA]_2004O,Turkey Morocco,2004-04-07,2006-01-01,"""https://edit.wti.org/document/show/0f660896-0710-4b48-9d32-f0e4e4222722""",NA,NA,NA,2,MAR-TUR[NA]_2004O
JOR-SGP[NA]_2004O,Jordan Singapore,2004-05-16,2005-08-22,"""https://wits.worldbank.org/GPTAD/PDF/archive/Jordan-Singapore.pdf""",2013-09-01,NA,NA,1,JOR-SGP[NA]_2004O
AUS-USA[NA]_2004O,US Australia,2004-05-18,2005-01-01,"""https://ustr.gov/sites/default/files/uploads/agreements/fta/australia/asset_upload_file148_5168.pdf""",NA,NA,NA,1,AUS-USA[NA]_2004O
BGR-MDA[MLD]_2004O,Moldova Bulgaria,2004-05-20,,"""https://www.worldtradelaw.net/document.php?id=fta/agreements/molbulfta.pdf&mode=download""",NA,NA,NA,2,BGR-MDA[MLD]_2004O
MAR-USA[NA]_2004O,US Morocco,2004-06-15,2006-01-01,"""https://wits.worldbank.org/GPTAD/PDF/archive/US-Morocco.pdf""",NA,NA,NA,1,MAR-USA[NA]_2004O
EFTLBN_2004O,EFTA Lebanon,2004-06-24,2007-01-01,"""https://www.efta.int/media/documents/legal-texts/free-trade-relations/lebanon/EFTA-Lebanon%20Free%20Trade%20Agreement.pdf""",NA,NA,NA,2,EFTLBN_2004O
AUS-THA[NA]_2004O,Thailand Australia,2004-07-05,2005-01-01,"""http://www.thailandntr.com/ROO/TAFTA_Full_EN.pdf""",NA,NA,NA,1,AUS-THA[NA]_2004O
PSE-TUR[PLA]_2004O,Turkey Palestinian Authority,2004-07-20,2005-06-01,"""https://investmentpolicy.unctad.org/international-investment-agreements/treaty-files/2692/download""",NA,NA,NA,2,PSE-TUR[PLA]_2004O
JPN-MEX[NA]_2004O,Japan Mexico,2004-09-17,2005-04-01,"""http://www.sice.oas.org/Trade/MEX_JPN_e/JPN_MEX_e.asp""",NA,NA,NA,2,JPN-MEX[NA]_2004O
TUN-TUR[NA]_2004O,Turkey Tunisia,2004-11-25,2005-07-01,"""https://wits.worldbank.org/GPTAD/PDF/archive/Turkey-Tunisia.pdf""",NA,NA,NA,1,TUN-TUR[NA]_2004O
EFTTNS_2004O,EFTA Tunisia,2004-12-17,2005-06-01,"""https://www.efta.int/media/documents/legal-texts/free-trade-relations/tunisia/EFTA-Tunisia%20Free%20Trade%20Agreement%20EN.pdf""",NA,NA,NA,2,EFTTNS_2004O
SYR-TUR[SYR]_2004O,Turkey Syria,2004-12-22,2007-01-01,"""https://investmentpolicy.unctad.org/international-investment-agreements/treaty-files/2702/download""",NA,NA,NA,1,SYR-TUR[SYR]_2004O
ASPCFT_2005A,Asia Pacific Trade Agreement (Bangkok Agreement Amended),2005-11-02,2006-09-01,"""https://www.unescap.org/sites/default/files/2-1-First-Amendment-to-Bangkok-Agreement.pdf""",NA,NA,NA,2,ASPCFT_2005A
BRA-SUR[NA]_2005O,Brazil Suriname,2005-04-21,2006-07-26,"""http://www.sice.oas.org/Trade/BRA_SUR/BRA_SUR_s.asp#CAP%C3%8DTULO_I""",NA,NA,NA,2,BRA-SUR[NA]_2005O
GTM-TWN[TWN]_2005O,Guatemala Taiwan,2005-09-22,2006-07-01,"""http://www.sice.oas.org/Trade/GTM_TWN_s/Text_s.asp#Preambulo""",NA,NA,NA,2,GTM-TWN[TWN]_2005O
MRCSRP_2005O,MERCOSUR Peru,2005-11-30,2006-02-06,"""http://www.sice.oas.org/Trade/MRCSRPerACE58/ACE.asp""",NA,NA,NA,2,MRCSRP_2005O
NZL-THA[NA]_2005O,Thailand New Zealand,2005-04-19,2005-07-01,"""https://www.mfat.govt.nz/assets/Trade-agreements/Thailand-NZ-CEP/thainzcep-agreement.pdf""",NA,NA,NA,1,NZL-THA[NA]_2005O
IND-SGP[NA]_2005O,India Singapore,2005-06-29,2005-08-01,"""https://wits.worldbank.org/GPTAD/PDF/archive/India-singapore.pdf""",NA,NA,NA,2,IND-SGP[NA]_2005O
TRNPSE_2005O,Trans-Pacific Strategic Economic Partnership,2005-07-18,2006-05-28,"""http://www.sice.oas.org/Trade/CHL_Asia_e/TransPacific_ind_e.asp""",NA,NA,NA,2,TRPSEP_2005O
KOR-SGP[KOR]_2005O,Korea Republic Of Singapore,2005-08-04,2006-03-02,"""https://investmentpolicy.unctad.org/international-investment-agreements/treaty-files/2709/download""",NA,NA,NA,1,KOR-SGP[KOR]_2005O
FRO-ISL[NA]_2005O:FRO-ISL[NA]_1992O,Iceland Faroe Islands,2005-08-31,2006-11-01,"""https://wits.worldbank.org/GPTAD/PDF/archive/Faroe%20Island-%20Iceland.pdf""",NA,NA,NA,2,FRO-ISL[NA]_2005O
CHL-CHN[NA]_2005O,Chile China,2005-11-18,2006-10-01,"""http://fta.mofcom.gov.cn/chile/xieyi/freetradexieding2.pdf""",NA,NA,NA,2,CHL-CHN[NA]_2005O
JPN-MYS[NA]_2005O,Japan Malaysia,2005-12-13,2006-07-13,"""https://www.mofa.go.jp/region/asia-paci/malaysia/epa/content.pdf""",NA,NA,NA,2,JPN-MYS[NA]_2005O
EFTKOR_2005O,EFTA Korea Republic Of,2005-12-15,2006-09-01,"""https://www.efta.int/media/documents/legal-texts/free-trade-relations/republic-of-korea/EFTA-%20Republic%20of%20Korea%20Free%20Trade%20Agreement.pdf""",NA,NA,NA,1,EFTKRR_2005O
EGY-TUR[NA]_2005O,Egypt Turkey,2005-12-27,2007-03-01,"""https://edit.wti.org/document/show/192e68eb-b05f-4fad-b71a-e6cfe897fd83""",NA,NA,NA,2,EGY-TUR[NA]_2005O
BLZ-GTM[NA]_2006O,Belize Guatemala,2006-06-26,2010-04-04,"""http://www.sice.oas.org/trade/blz_gtm/index_e.asp""",NA,NA,NA,2,BLZ-GTM[NA]_2006O
CBMRCS_2006O,Cuba MERCOSUR,2006-07-26,2007-07-02,"""NA""",NA,NA,1,2,CBMRCS_2006O
EFSACU_2006O,EFTA Southern African Customs Union (SACU),2006-06-26,2008-05-01,"""https://www.efta.int/media/documents/legal-texts/free-trade-relations/southern-african-customs-union-SACU/EFTA-SACU%20Free%20Trade%20Agreement.pdf""",NA,NA,NA,2,EFSACU_2006O
IRN-SYR[IRS]_2006O,Iran Syria,2006-02-23,,"""http://syrecon.gov.sy/pdf/Iran/English/the%20text%20of%20the%20agreement.pdf""",NA,NA,NA,2,IRN-SYR[IRS]_2006O
NIC-TWN[TWN]_2006O,Nicaragua Taiwan,2006-06-16,2008-01-01,"""http://www.sice.oas.org/Trade/NIC_TWN/NIC_TWN_e/index_e.asp""",NA,NA,NA,2,NIC-TWN[TWN]_2006O
ASEANK_2006O:ASENKR_2005O,ASEAN Korea,2006-08-24,2006-07-01,"""https://wits.worldbank.org/GPTAD/PDF/archive/ASEAN-Korea.pdf""",NA,NA,NA,2,ASENKR_2006O:ASENKR_2005O
OMN-USA[NA]_2006O,US Oman,2006-01-19,2009-01-01,"""https://wits.worldbank.org/GPTAD/PDF/archive/us-oman.pdf""",NA,NA,NA,2,OMN-USA[NA]_2006O
PAN-SGP[NA]_2006O,Panama Singapore,2006-03-01,2006-07-24,"""https://wits.worldbank.org/GPTAD/PDF/archive/Singapore-Panama.pdf""",NA,NA,NA,2,PAN-SGP[NA]_2006O
CHL-IND[NA]_2006O,Chile India,2006-03-08,2007-08-17,"""http://www.sice.oas.org/Trade/CHL_IND/CHL_IND_Index_e.asp""",NA,NA,NA,2,CHL-IND[NA]_2006O
BGD-IND[NA]_2006O,Bangladesh India,2006-03-21,2006-04-01,"""https://wits.worldbank.org/GPTAD/PDF/archive/Bangladesh-India.pdf""",NA,NA,NA,2,BGD-IND[NA]_2006O
PER-USA[NA]_2006O,US Peru,2006-04-12,2009-02-01,"""https://wits.worldbank.org/GPTAD/PDF/archive/US-Peru.pdf""",NA,NA,NA,2,PER-USA[NA]_2006O
CHL-PAN[NA]_2006O,Panama Chile,2006-06-27,2008-03-07,"""https://investmentpolicy.unctad.org/international-investment-agreements/treaty-files/3002/download""",NA,NA,NA,2,CHL-PAN[NA]_2006O
BTN-IND[NA]_2006O:BTN-IND[NA]_1972O,India Bhutan,2006-07-28,2006-07-29,"""http://www.commerce.nic.in/trade/bhutan.pdf""",NA,NA,NA,2,BTN-IND[NA]_2006O
CHL-PER[NA]_2006O:CHL-PER[NA]_1998O,Peru Chile,2006-08-22,2009-03-01,"""http://www.sice.oas.org/Trade/CHL_PER_FTA/Index_s.asp""",NA,NA,NA,2,CHL-PER[NA]_2006O
JPN-PHL[NA]_2006O,Japan Philippines,2006-09-09,2008-12-11,"""https://www.mofa.go.jp/region/asia-paci/philippine/epa0609/main.pdf""",NA,NA,NA,2,JPN-PHL[NA]_2006O
COL-USA[NA]_2006O,US Colombia,2006-11-22,2012-05-15,"""http://www.sice.oas.org/Trade/COL_USA_TPA_e/Text_e.asp#Preamble""",NA,NA,NA,2,COL-USA[NA]_2006O
CHN-PAK[NA]_2006O:CHN-PAK[NA]_2003O,Pakistan China,2006-11-24,2007-07-01,"""https://wits.worldbank.org/GPTAD/PDF/archive/China-Pakistan.pdf""",NA,1,NA,2,CHN-PAK[NA]_2006O
CHL-COL[NA]_2006O:CHL-COL[NA]_1993O,Chile Colombia,2006-11-27,2009-05-08,"""http://www.sice.oas.org/Trade/CHL_COL_FTA/CHL_COL_ind_s.asp""",NA,NA,NA,2,CHL-COL[NA]_2006O
ALBNES_2006O,EC Albania,2006-12-06,2009-04-01,"""https://investmentpolicy.unctad.org/international-investment-agreements/treaty-files/2724/download""",,NA,NA,1,ECALBN_2006O
CNTEFT_2006A,Central European Free Trade Agreement (CEFTA) 2006,2006-12-19,2007-11-22,"""https://edit.wti.org/app.php/document/show/ad911381-9f93-408a-aa58-b6ff9cc467d3""",NA,NA,NA,2,CNTEFT_2006A
ALB-TUR[NA]_2006O,Turkey Albania,2006-12-22,2008-05-01,"""http://rtais.wto.org/rtadocs/560/TOA/English/01-MAIN_TEXT.doc""",NA,NA,NA,2,ALB-TUR[NA]_2006O
AS04CS_2007O:AS04CS_2007O,Association Of South East Asian Nations China Services,2007-01-14,2007-07-01,"""https://asean.org/agreement-on-trade-in-services-of-the-framework-agreement-on-comprehensive-economic-co-operation-between-the-association-of-southeast-asian-nations-and-the-peoples-republic-of-china/""",NA,NA,NA,2,AS04CS_2007O:AS04CS_2007O
AS04KS_2007O:AS04KS_2007O,Association Of South East Asian Nations Korea Services,2007-11-21,2009-05-01,"""https://asean.org/wp-content/uploads/2021/08/Microsoft-Word-AK-ATS-Agreement-_ASEAN-Version_-14-Nov-2007-checked-relayed-out.doc.pdf""",NA,NA,NA,2,AS04KS_2007O:AS04KS_2007O
BRN-JPN[NA]_2007O,Brunei Japan,2007-06-18,2008-07-31,"""https://www.mofa.go.jp/region/asia-paci/brunei/epa0706/agreement.pdf""",NA,NA,NA,2,BRN-JPN[NA]_2007O
CLMBNT_2007O,Colombia Northern Triangle,2007-08-09,2010-03-15,"""http://www.sice.oas.org/TPD/COL_Norte/Text/Index_s.asp""",NA,NA,NA,2,CLMBNT_2007O
ECLSBN_2007O,EC Lisbon,2007-12-13,2009-12-01,"""https://eur-lex.europa.eu/legal-content/EN/TXT/?uri=celex%3A12007L%2FTXT""",NA,NA,NA,1,ECLSBN_2007O
ECMNTS_2007O,EC Montenegro SAA,2007-10-15,2010-05-01,"""https://edit.wti.org/app.php/document/show/e8495d4a-2c7e-4264-8229-941a3115c5ef""",NA,NA,NA,1,ECMNTS_2007O
ISRLMR_2007O,Israel MERCOSUR,2007-12-18,2009-12-23,"""https://www.gov.il/BlobFolder/policy/israel-mercosur-free-trade-agreement/he/sahar-hutz_agreements_Mercosur-fta-EN-2010.pdf""",NA,NA,NA,2,ISRLMR_2007O
EFTEGY_2007O,EFTA Egypt,2007-01-27,2007-08-01,"""https://www.efta.int/media/documents/legal-texts/free-trade-relations/egypt/EFTA-Egypt%20Free%20Trade%20Agreement.pdf""",NA,NA,NA,2,EFTEGY_2007O
CHL-JPN[NA]_2007O,Chile Japan,2007-03-27,2007-09-03,"""https://www.mofa.go.jp/region/latin/chile/joint0703/agreement.pdf""",NA,NA,NA,2,CHL-JPN[NA]_2007O
JPN-THA[NA]_2007O,Japan Thailand,2007-04-03,2007-11-01,"""https://www.mofa.go.jp/region/asia-paci/thailand/epa0704/agreement.pdf""",NA,NA,NA,2,JPN-THA[NA]_2007O
ELSHCT_2007O,El Salvador- Honduras Chinese Taipei,2007-05-07,2008-03-01,"""https://wits.worldbank.org/GPTAD/PDF/archive/Taiwain_ElSalvador_Honduras.pdf""",NA,NA,NA,2,ELSHCT_2007O
PAN-USA[NA]_2007O,US Panama,2007-06-28,2012-10-31,"""https://ustr.gov/trade-agreements/free-trade-agreements/panama-tpa/final-text""",NA,NA,NA,2,PAN-USA[NA]_2007O
KOR-USA[KOR]_2007O,Korea Republic Of US,2007-06-30,2012-03-15,"""https://ustr.gov/trade-agreements/free-trade-agreements/korus-fta/final-text""",NA,NA,NA,1,KOR-USA[KOR]_2007O
MUS-PAK[NA]_2007O,Mauritius Pakistan,2007-07-30,2007-11-30,"""https://www.mcci.org/media/1280/preferential-trade-agreement-mauritius-and-pakistan.pdf""",NA,NA,NA,2,MUS-PAK[NA]_2007O
IDN-JPN[NA]_2007O,Japan Indonesia,2007-08-20,2008-07-01,"""https://www.mofa.go.jp/region/asia-paci/indonesia/epa0708/agreement.pdf""",NA,NA,NA,2,IDN-JPN[NA]_2007O
MYS-PAK[NA]_2007O,Pakistan Malaysia,2007-11-08,2008-01-01,"""https://fta.miti.gov.my/miti-fta/resources/auto%20download%20images/55892379ea5d1.pdf""",NA,NA,NA,2,MYS-PAK[NA]_2007O
GEO-TUR[NA]_2007O,Turkey Georgia,2007-11-21,2008-11-01,"""https://wits.worldbank.org/GPTAD/PDF/archive/Georgia-Turkey.pdf""",NA,NA,NA,2,GEO-TUR[NA]_2007O
ASEANJ_2008O,Association Of South East Asian Nations Japan,2008-04-14,2008-12-01,"""https://www.mofa.go.jp/policy/economy/fta/asean/agreement.pdf""",NA,NA,NA,2,ASEANJ_2008O
CRFREE_2008O,CARIFORUM EC EPA,2008-10-15,2008-12-29,"""http://publications.europa.eu/resource/cellar/f5c1c99f-9d19-452b-b0b0-ed690a53dd5f.0006.05/DOC_1""",NA,NA,NA,2,CRFREE_2008O
CHL-ECU[NA]_2008O:CHL-ECU[NA]_1994O,Chile Ecuador,2008-03-10,2010-01-25,"""https://investmentpolicy.unctad.org/international-investment-agreements/treaty-files/3084/download""",2022-05-16,NA,NA,1,CHL-ECU[NA]_2008O:CHL-ECU[NA]_1994O
CLMBEF_2008O,Colombia EFTA,2008-11-25,2011-07-01,"""https://www.efta.int/sites/default/files/documents/legal-texts/free-trade-relations/colombia/EFTA-Colombia%20FTA%20-%20Main%20Agreement.pdf""",NA,NA,NA,2,CLMBEF_2008O
CTDVEE_2008O,Cote DIvoire EC EPA,2008-11-26,,"""https://investmentpolicy.unctad.org/international-investment-agreements/treaty-files/2571/download""",NA,NA,NA,2,CTDVEE_2008O
ECSRBS_2008O,EC Serbia SAA,2008-04-29,2013-09-01,"""https://eur-lex.europa.eu/legal-content/EN/TXT/?uri=uriserv%3AOJ.L_.2013.278.01.0014.01.ENG&toc=OJ%3AL%3A2013%3A278%3AFULL""",NA,NA,NA,2,ECSRBS_2008O
URY-VEN[VNZ]_2008O:URY-VEN[VNZ]_1981O,Uruguay Venezuela,2008-08-17,2009-04-03,"""http://www.sice.oas.org/Trade/URY_VEN/Text_s.asp""",NA,NA,NA,2,URY-VEN[VNZ]_2008O:URY-VEN[VNZ]_1981O
MRSACU_2008O:MRSACU_2004O,MERCOSUR Southern African Customs Union (SACU),2008-04-17,2016-04-01,"""http://www.sice.oas.org/Trade/MRSRSACU/Text_2016_p.pdf""",NA,NA,NA,2,MRSACU_2008O:MRSACU_2004O
CNDEFT_2008O,Canada EFTA,2008-01-26,2009-07-02,"""https://wits.worldbank.org/GPTAD/PDF/archive/EFTA-Canada.pdf""",NA,NA,NA,2,CNDEFT_2008O
CHN-NZL[NA]_2008O,China New Zealand,2008-04-07,2008-10-01,"""https://investmentpolicy.unctad.org/international-investment-agreements/treaty-files/2564/download""",NA,NA,NA,2,CHN-NZL[NA]_2008O
PER-SGP[NA]_2008O,Peru Singapore,2008-05-29,2009-08-01,"""https://wits.worldbank.org/GPTAD/PDF/archive/Peru-Singapore.pdf""",NA,NA,NA,2,PER-SGP[NA]_2008O
CAN-PER[NA]_2008O,Canada Peru,2008-05-29,2009-08-01,"""https://wits.worldbank.org/GPTAD/PDF/archive/Canada-Peru.pdf""",NA,NA,NA,1,CAN-PER[NA]_2008O
BSNHES_2008O,EC Bosnia Herzegovina,2008-06-16,2008-07-01,"""https://wits.worldbank.org/GPTAD/PDF/archive/EC-Bosnia-Herzegovina.pdf""",2015-05-31,NA,NA,1,ECBSNH_2008O
AUS-CHL[NA]_2008O,Australia Chile,2008-07-30,2009-03-06,"""http://www.sice.oas.org/Trade/CHL_AUS_Final_e/CHL_AUSind_e.asp""",NA,NA,NA,2,AUS-CHL[NA]_2008O
CHN-SGP[NA]_2008O,China Singapore,2008-10-23,2009-01-01,"""https://wits.worldbank.org/GPTAD/PDF/archive/China-Singapore.pdf""",NA,NA,NA,2,CHN-SGP[NA]_2008O
CAN-COL[NA]_2008O,Canada Colombia,2008-11-21,2011-08-15,"""https://wits.worldbank.org/GPTAD/PDF/archive/canada-columbia.pdf""",NA,NA,NA,2,CAN-COL[NA]_2008O
MNE-TUR[NA]_2008O,Turkey Montenegro,2008-11-26,2010-03-01,"""https://investmentpolicy.unctad.org/international-investment-agreements/treaty-files/5429/download""",NA,NA,NA,2,MNE-TUR[NA]_2008O
GLFCCS_2008O,Gulf Cooperation Council (GCC) Singapore,2008-12-15,2013-09-01,"""https://www.moec.gov.ae/documents/20121/1478861/Singapore+-GCC+FTA-en.pdf""",NA,NA,NA,2,GLFCCS_2008O
JPN-VNM[NA]_2008O,Japan Viet Nam,2008-12-25,2009-10-01,"""https://www.mofa.go.jp/region/asia-paci/vietnam/epa0812/agreement.pdf""",NA,NA,NA,2,JPN-VNM[NA]_2008O
ALBNEF_2009O,Albania EFTA,2009-12-17,2010-11-01,"""https://www.efta.int/sites/default/files/documents/legal-texts/free-trade-relations/Albania/EFTA-Albania-Free-Trade-Agreement.pdf""",NA,NA,NA,1,ALBNEF_2009O
ASEANG_2009O,Association Of South East Asian Nations Goods,2009-02-26,2010-05-17,"""https://asean.org/asean2020/wp-content/uploads/2020/12/ASEAN-Trade-in-Goods-Agreement.pdf""",NA,NA,NA,2,ASEANG_2009O
ASEANI_2009O,Association Of South East Asian Nations India,2009-08-13,2010-01-01,"""https://asean.org/wp-content/uploads/images/archive/22677.pdf""",NA,NA,NA,2,ASEANI_2009O
BLR-SRB[SRB]_2009O,Belarus Serbia,2009-03-31,2009-12-11,"""NA""",NA,NA,1,2,BLR-SRB[SRB]_2009O
CHN-PAK[SRV]_2009O:CHN-PAK[SRV]_2009O,China Pakistan Services,2009-02-21,2009-10-10,"""http://fta.mofcom.gov.cn/pakistan/xieyi/xiedingwenben_en.pdf""",NA,NA,NA,2,CHN-PAK[SRV]_2009O:CHN-PAK[SRV]_2009O
ESACCM_2009O,East African Community Common Market,2009-11-20,2010-07-01,"""https://www.unhcr.org/4d5259759.pdf""",NA,NA,NA,2,ESACCM_2009O
CAN-PAN[NA]_2009O,Canada Panama,2010-05-14,2013-04-01,"""http://www.sice.oas.org/Trade/CAN_PAN_Texts_e/index_e.asp""",NA,NA,NA,1,CAN-PAN[NA]_2009O
CHE-JPN[NA]_2009O,Japan Switzerland,2009-02-19,2009-09-01,"""https://www.mofa.go.jp/region/europe/switzerland/epa0902/agreement.pdf""",NA,NA,NA,2,CHE-JPN[NA]_2009O
AUS-NZL[ANF]_2009O,ASEAN Australia New Zealand,2009-02-27,2010-01-01,"""https://asean.org/wp-content/uploads/images/archive/22260.pdf""",NA,NA,NA,2,AUS-NZL[ASN]_2009O
CHN-PER[NA]_2009O,Peru China,2009-04-28,2010-03-01,"""http://fta.mofcom.gov.cn/bilu/annex/bilu_xdwb_en.pdf""",NA,NA,NA,2,CHN-PER[NA]_2009O
SRB-TUR[SRB]_2009O,Turkey Serbia,2009-06-01,2010-09-01,"""https://www.trade.gov.tr/data/5b9109cc13b8770becf1e66c/2.%20Turkey-Serbia%20FTA-main%20text.pdf""",NA,NA,NA,1,SRB-TUR[SRB]_2009O
EFTGCC_2009O,EFTA GCC,2009-06-22,2014-07-01,"""https://www.efta.int/media/documents/legal-texts/free-trade-relations/gulf-cooperation-council-GCC/EFTA-GCC%20Free%20Trade%20Agreement.pdf""",NA,NA,NA,2,EFTGCC_2009O
CAN-JOR[NA]_2009O,Canada Jordan,2009-06-28,2012-10-01,"""http://www.sice.oas.org/Trade/CAN_JOR_FTA/Text_e.asp#Preamble""",NA,NA,NA,2,CAN-JOR[NA]_2009O
CHL-TUR[NA]_2009O:CHL-TUR[NA]_2009O,Turkey Chile,2009-07-14,2011-03-01,"""https://investmentpolicy.unctad.org/international-investment-agreements/treaty-files/3003/download""",NA,NA,NA,2,CHL-TUR[NA]_2009O
IND-KOR[KOR]_2009O:IND-KOR[KOR]_2009O,Korea Republic Of India,2009-08-07,2010-01-01,"""http://www.commerce.nic.in/trade/INDIA%20KOREA%20CEPA%202009.pdf""",NA,NA,NA,2,IND-KOR[KOR]_2009O
MYS-NZL[NA]_2009O,New Zealand Malaysia,2009-10-26,2010-08-01,"""https://www.mfat.govt.nz/assets/Trade-agreements/Malaysia-NZ-FTA/mnzfta-text-of-agreement.pdf""",NA,NA,NA,2,MYS-NZL[NA]_2009O
IND-NPL[NA]_2009O:IND-NPL[NA]_1991O,India Nepal,2009-10-27,2009-10-27,"""https://commerce.gov.in/wp-content/uploads/2020/05/nepal.pdf""",NA,NA,NA,2,IND-NPL[NA]_2009O
JOR-TUR[NA]_2009O,Turkey Jordan,2009-12-01,2011-03-01,"""https://edit.wti.org/document/show/1da7f26d-faee-4e3f-9d99-ac52016d290a""",2018-11-22,NA,NA,1,JOR-TUR[NA]_2009O
EFTSRB_2009O,EFTA Serbia,2009-12-17,2010-10-01,"""https://www.efta.int/media/documents/legal-texts/free-trade-relations/serbia/EFTA-Serbia%20Free%20Trade%20Agreement.pdf""",NA,NA,NA,1,EFTSRB_2009O
ECKORE_2010O,EC Korea,2010-10-06,2011-07-01,"""https://investmentpolicy.unctad.org/international-investment-agreements/treaty-files/2602/download""",NA,NA,NA,1,ECKORE_2010O
EGYPTM_2010O,Egypt MERCOSUR,2010-08-02,2017-09-01,"""http://www.sice.oas.org/trade/MER_EGY/MER_EGY_e.asp""",NA,NA,NA,2,EGYPTM_2010O
NWZLND_2010O,Hong Kong New Zealand,2010-03-29,2011-01-01,"""https://www.tid.gov.hk/english/ita/fta/hknzcep/text_agreement.html""",NA,NA,NA,1,NWZLND_2010O
CRI-SGP[NA]_2010O,Costa Rica Singapore,2010-04-06,2013-07-01,"""http://www.sice.oas.org/Trade/CRI_SGP_FTA/Index_e.asp""",NA,NA,NA,2,CRI-SGP[NA]_2010O
CHN-CRI[NA]_2010O,China Costa Rica,2010-04-08,2011-08-01,"""http://www.sice.oas.org/Trade/CRI_CHN_FTA/Texts_Apr2010_e/CRI_CHN_ToC__PDF_e.asp""",NA,NA,NA,2,CHN-CRI[NA]_2010O
CAN-PAN[NA]_2010O,Canada Panama,2010-05-14,2013-04-01,"""http://www.sice.oas.org/Trade/CAN_PAN_Texts_e/index_e.asp""",NA,NA,NA,1,CAN-PAN[NA]_2010O
EFTPER_2010O,EFTA Peru,2010-06-24,2011-07-01,"""https://www.efta.int/media/documents/legal-texts/free-trade-relations/peru/EFTA-Peru%20Free%20Trade%20Agreement%20EN.pdf""",NA,NA,NA,2,EFTPER_2010O
EFTUKR_2010O,EFTA Ukraine,2010-06-24,2012-06-01,"""https://www.efta.int/sites/default/files/documents/legal-texts/free-trade-relations/ukraine/EFTA-Ukraine%20Free%20Trade%20Agreement.pdf""",NA,NA,NA,2,EFTUKR_2010O
CHL-MYS[NA]_2010O,Chile Malaysia,2010-11-13,2012-02-25,"""https://fta.miti.gov.my/miti-fta/resources/Malaysia-Chile/MCFTA.pdf""",NA,NA,NA,2,CHL-MYS[NA]_2010O
CMMNIS_2011O:CMMNIS_1994O,Commonwealth Of Independent States (CIS),2011-10-18,2012-09-20,"""http://rtais.wto.org/rtadocs/762/TOA/English/FTA%20CIS_Text%20with%20protocols.docx""",NA,NA,NA,1,CMMNIS_2011O:CMMNIS_1994O
EFTA_2011O,EFTA Hong Kong,2011-06-21,2012-10-01,"""https://www.efta.int/media/documents/legal-texts/free-trade-relations/hong-kong-china/EFTA-Hong%20Kong%20China%20Free%20Trade%20Agreement.pdf""",NA,NA,NA,2,EFTA_2011O
GTM-PER[NA]_2011O,Guatemala Peru,2011-06-12,,"""http://www.sice.oas.org/Trade/GTM_PER_FTA_s/GTM_PER_ToC_s.asp""",NA,NA,NA,2,GTM-PER[NA]_2011O
CNTRAM_2011O,Central America Mexico,2011-11-22,2012-09-01,"""http://www.sice.oas.org/Trade/CACM_MEX_FTA/Index_s.asp""",NA,NA,NA,2,CNTRAM_2011O
IND-JPN[NA]_2011O,India Japan,2011-02-16,2011-08-01,"""https://www.mofa.go.jp/region/asia-paci/india/epa201102/pdfs/ijcepa_ba_e.pdf""",NA,NA,NA,1,IND-JPN[NA]_2011O
IND-MYS[NA]_2011O,India Malaysia,2011-02-18,2011-07-01,"""https://edit.wti.org/document/show/bd3826d9-2814-4f24-89e9-90a7ace20778""",NA,NA,NA,1,IND-MYS[NA]_2011O
KOR-PER[KOR]_2011O,Peru Korea Republic Of,2011-03-21,2011-08-01,"""http://www.sice.oas.org/Trade/PER_KOR_FTA/Texts_26JUL2011_e/PER_KOR_ToC_e.asp""",NA,NA,NA,2,KOR-PER[KOR]_2011O
MEX-PER[NA]_2011O:MEX-PER[NA]_1987O,Peru Mexico,2011-04-06,2012-02-01,"""http://www.sice.oas.org/Trade/MEX_PER_Integ_Agrmt/MEX_PER_Ind_s.asp""",NA,NA,NA,2,MEX-PER[NA]_2011O
PAN-PER[NA]_2011O,Panama Peru,2011-05-25,2012-05-01,"""http://www.sice.oas.org/Trade/PAN_PER_FTA_s/PAN_PER_ToC_s.asp""",NA,NA,NA,2,PAN-PER[NA]_2011O
CRI-PER[NA]_2011O,Costa Rica Peru,2011-05-26,2013-06-01,"""https://investmentpolicy.unctad.org/international-investment-agreements/treaty-files/2625/download""",NA,NA,NA,2,CRI-PER[NA]_2011O
JPN-PER[NA]_2011O,Japan Peru,2011-05-31,2012-03-01,"""http://www.sice.oas.org/Trade/PER_JPN/EPA_Texts/ENG/Index_PER_JPN_e.asp""",NA,NA,NA,2,JPN-PER[NA]_2011O
MUS-TUR[NA]_2011O,Turkey Mauritius,2011-09-09,2013-06-01,"""https://www.mcci.org/media/1277/fta.pdf""",NA,NA,NA,2,MUS-TUR[NA]_2011O
CUB-SLV[NA]_2011O,El Salvador Cuba,2011-09-19,2012-08-01,"""http://rtais.wto.org/rtadocs/881/TOA/Spanish/TOA%20El%20Salvador-Cuba.pdf""",NA,NA,NA,2,CUB-SLV[NA]_2011O
CHL-VNM[NA]_2011O,Chile Viet Nam,2011-11-12,2014-02-04,"""http://www.sice.oas.org/Trade/CHL_VNM/CHL_VNM_e/CHL_VNM_index_e.asp""",NA,NA,NA,2,CHL-VNM[NA]_2011O
EFTMNT_2011O,EFTA Montenegro,2011-11-14,2012-09-01,"""https://www.efta.int/media/documents/legal-texts/free-trade-relations/montenegro/montenegro-main-agreement.pdf""",NA,NA,NA,1,EFTMNT_2011O
MNE-UKR[UKR]_2011O,Ukraine Montenegro,2011-11-18,2013-01-01,"""http://rtais.wto.org/rtadocs/868/TOA/English/MUFTA%20Eng%20%2017%2011%202011.doc""",NA,NA,NA,2,MNE-UKR[UKR]_2011O
KOR-USA[KES]_2012A,Korea US Environmental Side Agreement,2012-01-23,2012-03-15,"""https://www.state.gov/wp-content/uploads/2019/02/12-315-Rep-of-Korea-Environment-Cooperation.pdf""",NA,1,NA,2,KOR-USA[KES]_2012A
CNTRAE_2012O,Central America EC,2012-06-29,2013-10-01,"""http://publications.europa.eu/resource/cellar/1a276cfe-9e67-4a5f-9a85-93a7037ab020.0014.04/DOC_1""",NA,NA,NA,1,CNTRAE_2012O
COL-PER[NA]_2012O,Colombia EC Peru,2012-06-26,2013-02-26,"""http://publications.europa.eu/resource/cellar/42e02e6c-1698-465e-923c-d2d12f91c728.0017.04/DOC_1""",NA,NA,NA,1,COL-PER[NA]_2012O
PCFCAL_2012O,Pacific Alliance,2012-06-06,2015-07-20,"""http://www.sice.oas.org/tpd/pacific_alliance/Agreements/Framework_Agreement_Pacific_Alliance_s.pdf""",NA,NA,1,2,PCFCAL_2012O
PER-VEN[VNZ]_2012O,Peru Venezuela,2012-01-07,2013-08-01,"""http://www.sice.oas.org/TPD/PER_VEN/Texts/Text_s.pdf""",NA,NA,1,2,PER-VEN[VNZ]_2012O
CHILE_2012O,Chile Hong Kong,2012-09-07,2014-10-09,"""http://www.sice.oas.org/Trade/CHL_HKG_FTA/Index_e.asp""",NA,NA,NA,2,CHILE_2012O
AUS-MYS[NA]_2012O,Malaysia Australia,2012-05-22,2013-01-01,"""https://fta.miti.gov.my/miti-fta/resources/Malaysia-Australia/MAFTA.pdf""",NA,NA,NA,2,AUS-MYS[NA]_2012O
KOR-TUR[KOR]_2012O,Korea Republic Of Turkey,2012-08-01,2013-05-01,"""https://www.fta.go.kr//webmodule/_PSD_FTA/tr/1/02_tr_Hyeopjeongmun_eg.pdf""",NA,NA,NA,2,KOR-TUR[KOR]_2012O
CHL-THA[NA]_2013O,Chile Thailand,2013-10-04,2015-11-05,"""http://www.sice.oas.org/Trade/CHL_THA_Final/CHL_THA_Index_e.asp""",NA,NA,NA,2,CHL-THA[NA]_2013O
COL-CRI[NA]_2013O:COL-CRI[NA]_1984O,Colombia Costa Rica,2013-05-22,2016-08-01,"""http://www.sice.oas.org/Trade/COL_CRI/COL_CRI_Index_s.asp""",NA,NA,NA,2,COL-CRI[NA]_2013O:COL-CRI[NA]_1984O
COL-ISR[NA]_2013O,Colombia Israel,2013-09-30,2020-08-11,"""http://www.sice.oas.org/Trade/COL_ISR/COL_ISR_Index_e.asp""",NA,NA,NA,1,COL-ISR[NA]_2013O
COL-PAN[NA]_2013O:COL-PAN[NA]_1993O,Colombia Panama,2013-09-20,NA,"""http://www.sice.oas.org/TPD/COL_PAN/Text_September2013_s/September_2013_Index_PDF_s.asp""",NA,NA,NA,1,COL-PAN[NA]_2013O:COL-PAN[NA]_1993O
NZL-TWN[TWN]_2013O,New Zealand Taiwan,2013-07-10,2013-12-01,"""https://www.iisd.org/toolkits/sustainability-toolkit-for-trade-negotiators/wp-content/uploads/2017/04/NZ-Taiwan-FTA.pdf""",NA,NA,NA,1,NZL-TWN[TWN]_2013O
BSNHRE_2013O,Bosnia And Herzegovina EFTA,2013-06-24,2015-01-01,"""https://www.efta.int/media/documents/legal-texts/free-trade-relations/bosnia-and-herzegovina/bosnia-and-herzegovina-fta.pdf""",NA,NA,NA,1,BSNHRE_2013O
CNTRAE_2013O,Central America EFTA,2013-06-24,2014-08-19,"""http://www.sice.oas.org/TPD/CACM_EFTA/Texts_Mar_2014/ENG/CACM_EFTA_Text_e.asp#Preamble""",NA,NA,NA,2,CNTRAE_2013O
COL-KOR[KOR]_2013O,Korea Republic Of Colombia,2013-02-21,2016-07-15,"""http://www.sice.oas.org/trade/col_kor_fta_e/index19.11.2013_e.asp""",NA,NA,NA,2,COL-KOR[KOR]_2013O
CHN-ISL[NA]_2013O,Iceland China,2013-04-15,2014-07-01,"""https://investmentpolicy.unctad.org/international-investment-agreements/treaty-files/3463/download""",NA,NA,NA,1,CHN-ISL[NA]_2013O
CHE-CHN[NA]_2013O,Switzerland China,2013-07-06,2014-07-01,"""https://www.seco.admin.ch/dam/seco/en/dokumente/Aussenwirtschaft/Wirtschaftsbeziehungen/Freihandelsabkommen/Partner%20weltweit/China/Abkommenstexte/Texts%20in%20English/Switzerland-China%20FTA-%20Main%20agreement%20(signed%20version).pdf.download.pdf/Switzerland-China_FTA-Main_agreement_signed-version.pdf""",NA,NA,NA,2,CHE-CHN[NA]_2013O
CAN-HND[NA]_2013O,Canada Honduras,2013-11-05,2014-10-01,"""https://www.international.gc.ca/trade-commerce/trade-agreements-accords-commerciaux/agr-acc/honduras/fta-ale/index.aspx?lang=eng""",NA,NA,NA,1,CAN-HND[NA]_2013O
SGP-TWN[NA]_2013O,Singapore Chinese Taipei,2013-11-07,2014-04-19,"""https://investmentpolicy.unctad.org/international-investment-agreements/treaty-files/5585/download""",NA,NA,NA,2,SGP-TWN[NA]_2013O
CAN-KOR[KOR]_2014O,Canada Korea,2014-09-24,2015-01-01,"""http://www.sice.oas.org/Trade/CAN_KOR/English/CAN_KOR_index_e.asp""",NA,NA,NA,2,CAN-KOR[KOR]_2014O
ECGERG_2014O,EC Georgia,2014-06-27,2016-07-01,"""https://investmentpolicy.unctad.org/international-investment-agreements/treaty-files/3124/download""",NA,NA,NA,1,ECGERG_2014O
ECMLDV_2014O,EC Moldova,2014-06-27,2016-07-01,"""https://eur-lex.europa.eu/legal-content/EN/TXT/HTML/?uri=CELEX:22014A0830(01)&from=EN""",NA,NA,NA,1,ECMLDV_2014O
ECUKRN_2014O,EC Ukraine,2014-06-27,2017-09-01,"""http://publications.europa.eu/resource/cellar/4589a50c-e6e3-11e3-8cd4-01aa75ed71a1.0006.03/DOC_1""",NA,NA,NA,1,ECUKRN_2014O
MEX-PAN[NA]_2014O:MEX-PAN[NA]_1985O,Mexico Panama,2014-04-03,2015-07-01,"""http://www.sice.oas.org/tpd/mex_pan/Draft_MEX_PAN_FTA_s/Index_PDF_09.05.2014_s.asp""",NA,NA,NA,2,MEX-PAN[NA]_2014O
AUS-KOR[KOR]_2014O,Korea Republic Of Australia,2014-04-08,2014-12-12,"""https://www.dfat.gov.au/sites/default/files/korea-australia-free-trade-agreement.pdf""",NA,NA,NA,1,AUS-KOR[KOR]_2014O
MYS-TUR[NA]_2014O,Turkey Malaysia,2014-04-17,2015-08-01,"""https://investmentpolicy.unctad.org/international-investment-agreements/treaty-files/2970/download""",NA,NA,NA,1,MYS-TUR[NA]_2014O
ERSNEU_2014O,Eurasian Economic Union (EAEU),2014-05-29,2015-01-01,"""https://investmentpolicy.unctad.org/international-investment-agreements/treaty-files/3119/download""",NA,NA,NA,1,ERSNEU_2014O
AUS-JPN[NA]_2014O,Japan Australia,2014-07-08,2015-01-15,"""https://www.mofa.go.jp/files/000044322.pdf""",NA,NA,NA,2,AUS-JPN[NA]_2014O
MDA-TUR[MLD]_2014O,Turkey Moldova Republic Of,2014-09-11,2016-11-01,"""https://trade.gov.tr/data/5b910b3d13b8770becf1e6b6/6fd73dff48a5cfbccde2a4f78613a037.doc""",NA,NA,NA,1,MDA-TUR[MLD]_2014O
EEUAKR_2014O,Eurasian Economic Union (EAEU) Accession Of Armenia,2014-10-10,2015-01-02,"""http://rtais.wto.org/rtadocs/910/TOA/English/Accession Treaty_RF Jul 05.docx""",NA,1,NA,1,EREUAA_2014O
EEUAKR_2014O,Eurasian Economic Union (EAEU) Accession Of The Kyrgyz Republic,2014-12-23,2015-08-06,"""http://rtais.wto.org/rtadocs/922/TOA/English/Treaty on accession_KR_EAEU_UnoffTransENG.doc""",NA,1,NA,2,EEUAKR_2014O
KOR-NZL[KOR]_2015O,Korea New Zealand,2015-03-23,2015-12-20,"""https://investmentpolicy.unctad.org/international-investment-agreements/treaty-files/5578/download""",NA,NA,NA,1,KOR-NZL[KOR]_2015O
KOR-VNM[KOR]_2015O,Korea Viet Nam,2015-05-05,2015-12-20,"""https://investmentpolicy.unctad.org/international-investment-agreements/treaty-files/3584/download""",NA,NA,NA,1,KOR-VNM[KOR]_2015O
HND-PER[NA]_2015O,Honduras Peru,2015-05-29,2017-01-01,"""http://www.sice.oas.org/Trade/CACM_PER/HND_PER/HND_PER_Index_s.asp""",NA,NA,NA,2,HND-PER[NA]_2015O
SGP-TUR[NA]_2015O,Singapore Turkey,2015-11-14,2017-10-01,"""https://edit.wti.org/document/show/2973ae48-9b24-4bbe-9fef-e0cda02b2ae4""",NA,NA,NA,1,SGP-TUR[NA]_2015O
ECKSVS_2015O,EC Kosovo SAA,2015-10-27,2016-04-01,"""https://eur-lex.europa.eu/legal-content/EN/TXT/?uri=CELEX%3A22016A0316%2801%29""",NA,NA,NA,1,ECKSVS_2015O
ECKZKH_2015O,EC Kazakhstan,2015-12-21,2020-03-01,"""https://investmentpolicy.unctad.org/international-investment-agreements/treaty-files/4736/download""",NA,NA,NA,1,ECKZKH_2015O
JPN-MNG[NA]_2015O,Japan Mongolia,2015-02-10,2016-06-07,"""https://www.mofa.go.jp/files/000067716.pdf""",NA,NA,NA,1,JPN-MNG[NA]_2015O
EREUVN_2015O,Eurasian Economic Union (EAEU) Viet Nam,2015-05-29,2016-10-05,"""https://investmentpolicy.unctad.org/international-investment-agreements/treaty-files/3455/download""",NA,NA,NA,1,EREUVN_2015O
AUS-CHN[NA]_2015O,Australia China,2015-06-17,2015-12-20,"""https://www.dfat.gov.au/sites/default/files/chafta-agreement-text.pdf""",NA,NA,NA,1,AUS-CHN[NA]_2015O
CANDEC_2016O:CANDEC_2016O,Canada EC (CETA),2016-11-30,,"""https://policy.trade.ec.europa.eu/eu-trade-relationships-country-and-region/countries-and-regions/canada/eu-canada-agreement/ceta-chapter-chapter_en""",NA,NA,NA,1,CANDEC_2016O
CHL-URY[NA]_2016O:CHL-URY[NA]_1985O,Chile Uruguay,2016-10-04,2018-12-13,"""http://www.sice.oas.org/Trade/CHL_URY/CHL_URY_index_PDF_s.asp""",NA,NA,1,1,CHL-URY[NA]_2016O:CHL-URY[NA]_1985O
EFTGRG_2016O,EFTA Georgia,2016-06-27,2017-09-01,"""https://www.efta.int/sites/default/files/documents/legal-texts/free-trade-relations/georgia/EFTA-Georgia-FTA-Main-Agreement.PDF""",NA,NA,NA,1,EFTGRG_2016O
TRNSPP_2016O:TRNSPP_2016O,Trans-Pacific Partnership,2016-02-04,,"""https://ustr.gov/trade-agreements/free-trade-agreements/trans-pacific-partnership/tpp-full-text""",NA,NA,NA,1,TRNSPP_2016O:TRNSPP_2016O
EFTPHL_2016O,EFTA Philippines,2016-04-28,2018-06-01,"""https://www.efta.int/sites/default/files/documents/legal-texts/free-trade-relations/philippines/EFTA-Philippines-Rectification-Main-Agreement.pdf""",NA,NA,NA,1,EFTPHL_2016O
CAN-UKR[UKR]_2016O,Canada Ukraine,2016-07-11,2017-08-01,"""https://www.international.gc.ca/trade-commerce/trade-agreements-accords-commerciaux/agr-acc/ukraine/text-texte/toc-tdm.aspx?lang=eng""",NA,NA,NA,2,CAN-UKR[UKR]_2016O
PCCERP_2017A,Pacific Agreement On Closer Economic Relations (PACER) Plus,2017-06-14,2020-12-13,"""https://investmentpolicy.unctad.org/international-investment-agreements/treaty-files/5586/download""",NA,NA,NA,1,PCCERP_2017A
MACAO_2017O,Hong Kong Macao,2017-10-27,2017-10-27,"""https://www.tid.gov.hk/english/ita/fta/hkmacao/files/full_text_of_the_agreement.pdf""",NA,NA,NA,1,MACAO_2017O
CHN-GEO[NA]_2017O,China Georgia,2017-05-13,2018-01-01,"""https://www.economy.ge/uploads/files/2017/foreign_trade/tavisufali_vachrobis_shetanxmeba_georgia_china/shetankhmeba_2018/page_0_60_145_179_china_georgia_fta_for_georgia_.pdf""",NA,NA,NA,1,CHN-GEO[NA]_2017O
ARG-CHL[NA]_2017O:ARG-CHL[NA]_1991O,Argentina Chile,2017-11-02,2019-05-01,"""https://investmentpolicy.unctad.org/international-investment-agreements/treaty-files/5682/download""",NA,NA,1,1,ARG-CHL[NA]_2017O:ARG-CHL[NA]_1991O
CLMBMR_2017O,Colombia MERCOSUR,2017-07-21,2017-12-20,"""http://www.sice.oas.org/Trade/COL_MER/COL_MER_index_s.asp""",NA,NA,NA,1,CLMBMR_2017O
ECJAPN_2018O,EC Japan,2017-07-17,2019-02-01,"""http://publications.europa.eu/resource/cellar/5805924c-09a3-11e9-81b4-01aa75ed71a1.0006.03/DOC_1""",NA,NA,NA,1,ECJAPN_2018O
ECSNGP_2018O:ECSNGP_2018O,EC Singapore,2018-10-19,2019-11-21,"""https://policy.trade.ec.europa.eu/eu-trade-relationships-country-and-region/countries-and-regions/singapore/eu-singapore-agreement/texts-agreements_en""",NA,NA,NA,1,ECSNGP_2018O:ECSNGP_2018O
EFTIND_2018O,EFTA Indonesia,2018-12-16,2021-11-01,"""https://edit.wti.org/app.php/document/show/pdf/efa4a106-15f3-4ef8-bf29-5c219c390de1""",NA,1,NA,2,EFTIND_2018O
CMPPTP_2018A,Comprehensive And Progressive Agreement For Transpacific Partnership (CPTPP),2018-03-08,2018-12-30,"""https://edit.wti.org/app.php/document/show/pdf/f4ca9391-539e-428a-b785-c2c5f197d827""",NA,1,NA,2,CMPPTP_2018A
AUS-PER[NA]_2018O,Australia Peru,2018-02-12,2020-02-11,"""http://www.sice.oas.org/Trade/PER_AUS/PAFTA_Index_e.asp""",NA,NA,NA,1,AUS-PER[NA]_2018O
CNTRAU_2019O,Central America UK,2018-07-18,2021-01-01,"""https://edit.wti.org/app.php/document/show/pdf/3aabb19a-d636-44d6-8086-a3297a8694be""",NA,1,NA,2,CNTRAU_2019O
CHL-GBR[NA]_2019O,Chile UK,2019-01-13,NA,"""https://edit.wti.org/app.php/document/show/pdf/28bb4a96-b8c4-4507-9d21-60206627175d""",NA,1,NA,2,CHL-GBR[NA]_2019O
GBR-ISR[NA]_2019O,Israel UK,2019-02-18,2021-01-01,"""https://edit.wti.org/app.php/document/show/pdf/3c5b93ad-9f45-4b57-baec-4d8b368f2db5""",NA,1,NA,1,GBR-ISR[NA]_2019O
GBR-JOR[NA]_2019O,Jordan UK,2019-11-05,2021-05-01,"""https://edit.wti.org/app.php/document/show/pdf/2eaeee44-ce16-4ddb-ab16-430a59d03e63""",NA,1,NA,2,GBR-JOR[NA]_2019O
GBR-KOS[NA]_2019O,Kosovo UK,2019-12-03,NA,"""https://assets.publishing.service.gov.uk/government/uploads/system/uploads/attachment_data/file/854384/CS_Kosovo_1.2019_UK_Kosovo_Partnership__Trade_and_Cooperation_Agreement.pdf""",NA,1,NA,2,GBR-KOS[NA]_2019O
GBR-LBN[NA]_2019O,Lebanon UK,2019-09-19,2021-01-01,"""https://edit.wti.org/app.php/document/show/pdf/13700abe-555f-4763-bb5a-c469a775958c""",NA,1,NA,1,GBR-LBN[NA]_2019O
GBR-MAR[NA]_2019O,Morocco UK,2019-10-26,2021-01-01,"""https://edit.wti.org/app.php/document/show/pdf/e1684865-4919-4877-959b-163514c44ddb""",NA,1,NA,2,GBR-MAR[NA]_2019O
GBR-TUN[NA]_2019O,Tunisia UK,2019-10-04,2021-01-01,"""https://edit.wti.org/app.php/document/show/pdf/97bdcbb1-e96c-4311-8126-25c5e24d9d87""",NA,1,NA,2,GBR-TUN[NA]_2019O